video_id,country,fetched_at,published_at,title,localized_title,channel_title,channel_id,category_id,category_name,tags,tag_count,thumbnail,default_language,audio_language,is_live,duration,duration_raw,definition,caption_available,licensed_content,embeddable,made_for_kids,views,likes,comments
mQezde_qeXw,GB,2026-02-07T03:09:39.276025+00:00,2026-02-05T23:00:07Z,sombr - Homewrecker (official video),sombr - Homewrecker (official video),sombr,UCXlqFQmZZOb78teSnAqhuwA,10,Music,"sombr, Quenlin Blackwell, Milo Manheim, Homewrecker, Official Music Video, Pop, Rock, Alternative, New sombr 2026, Quen Blackwell, sombr Homewrecker, I don't wanna be a homewrecker, I don't wanna talk down on your lover, I know I could be better, Old Western, Cowboys, Old Western Music Video, You hit like a drunk cigarette",18,https://i.ytimg.com/vi/mQezde_qeXw/hqdefault.jpg,en,en,False,254,PT4M14S,hd,False,True,False,False,934429,74549,4391
qL5z4IZzSt8,GB,2026-02-07T03:09:39.276050+00:00,2026-02-06T08:15:04Z,"A Knight of the Seven Kingdoms: Ep. 5 - NEW TRAILER 'In the Name of the Mother""","A Knight of the Seven Kingdoms: Ep. 5 - NEW TRAILER 'In the Name of the Mother""",AD_edits,UCsX-zRuq3ovMsgFqEQLw2Bw,24,Entertainment,,0,https://i.ytimg.com/vi/qL5z4IZzSt8/hqdefault.jpg,en,en,False,41,PT41S,hd,False,True,False,False,124463,1134,170
uhre-dGsRWM,GB,2026-02-07T03:09:39.276061+00:00,2026-02-06T22:54:48Z,roblox best gameplay,roblox best gameplay,StanRP,UCHYA5HNaS5n4idxmP-at8nA,20,Gaming,"roblox, granny, free fire, live roblox, roblox shorts, shorts feed, 67, six seven, meme reset, singing brainrot song, great meme reset",11,https://i.ytimg.com/vi/uhre-dGsRWM/hqdefault.jpg,en-US,en,False,23,PT23S,hd,False,True,False,False,1201596,11049,12
vqkfEUqjl6Y,GB,2026-02-07T03:09:39.276070+00:00,2026-02-06T05:00:01Z,ATEEZ(ÏóêÏù¥Ìã∞Ï¶à) - 'Adrenaline' Official MV,ATEEZ(ÏóêÏù¥Ìã∞Ï¶à) - 'Adrenaline' Official MV,KQ ENTERTAINMENT,UCQdq-lqPEq_yZ_wP_kuVB9Q,10,Music,"KQ, ÏºÄÏù¥ÌÅê, ATEEZ, ÏóêÏù¥Ìã∞Ï¶à, ÌôçÏ§ë, HONGJOONG, ÏÑ±Ìôî, SEONGHWA, Ïú§Ìò∏, YUNHO, Ïó¨ÏÉÅ, YEOSANG, ÏÇ∞, SAN, ÎØºÍ∏∞, MINGI, Ïö∞ÏòÅ, WOOYOUNG, Ï¢ÖÌò∏, JONGHO, KPOP, ÎÇ®Îèå, IDOL, ÏºÄÏù¥Ìåù, GOLDENHOUR, Í≥®Îì†ÏïÑÏõå, GOLDENHOURPART4, GHPT4, Í≥®Îì†ÏïÑÏõåÌååÌä∏Ìè¨, Ïª¥Î∞±Ïä§Ìè¨ÏùºÎü¨",30,https://i.ytimg.com/vi/vqkfEUqjl6Y/hqdefault.jpg,en,ko,False,261,PT4M21S,hd,True,False,False,False,5825795,251620,21398
y4ZBSzYUTL0,GB,2026-02-07T03:09:39.276079+00:00,2026-02-05T14:00:00Z,The Dinosaurs | Official Trailer | Netflix,The Dinosaurs | Official Trailer | Netflix,Netflix,UCWOA1ZGywLbqmigxE4Qlvuw,24,Entertainment,"Dinosaurs, amblin, dinosaur show, documentary, evolution, extinct animals, family documentary, fossils, jurassic, kids dinosaurs, natural history, nature, nature series, paleontology, prehistoric, steven spielberg, t-rex, tyrannosaurus rex, wildlife",19,https://i.ytimg.com/vi/y4ZBSzYUTL0/hqdefault.jpg,en,en-US,False,121,PT2M1S,hd,True,True,False,False,2939434,101939,6041
tC3MU2zuVhc,GB,2026-02-07T03:09:39.276087+00:00,2026-02-06T19:20:13Z,Getting The RAREST THING In Survive Lava For Brainrots..,Getting The RAREST THING In Survive Lava For Brainrots..,CaylusBlox,UCsPMNatXCwqyUuJilBT73jg,20,Gaming,"caylusblox, caylus roblox, caylus, caylus gaming, caylus infinite, infinite lists, calus, callus, calis, roblox, caylus horror, caylus scary, caylus scariest, caylus scary myths, caylus creepy, caylus roblox horror, caylus roblox scary, caylus steal a brainrot, caylus aura, caylus stream, caylus brainrot, caylus foltyn, Survive lava for Brainrots",23,https://i.ytimg.com/vi/tC3MU2zuVhc/hqdefault.jpg,en-US,en-US,False,1048,PT17M28S,hd,False,True,False,False,400125,7906,1619
pvf_Qv4rmLM,GB,2026-02-07T03:09:39.276096+00:00,2026-02-06T20:41:13Z,J. Cole - Two Six (Official Music Video),J. Cole - Two Six (Official Music Video),J. Cole,UCnc6db-y3IU7CkT_yeVXdVg,10,Music,,0,https://i.ytimg.com/vi/pvf_Qv4rmLM/hqdefault.jpg,en,en-US,False,255,PT4M15S,hd,False,False,False,False,505798,68746,6827
2hH0hILcWPs,GB,2026-02-07T03:09:39.276104+00:00,2026-02-06T12:30:05Z,"Version 4.0 Trailer: ""No Aha at Full Moon"" | Honkai: Star Rail","Version 4.0 Trailer: ""No Aha at Full Moon"" | Honkai: Star Rail",Honkai: Star Rail,UC2PeMPA8PAOp-bynLoCeMLA,20,Gaming,,0,https://i.ytimg.com/vi/2hH0hILcWPs/hqdefault.jpg,en,en,False,142,PT2M22S,hd,True,False,False,False,235982,19684,1077
-Ek5QUa3DEI,GB,2026-02-07T03:09:39.276111+00:00,2026-02-06T13:00:25Z,Roblox RUINED Faces.,Roblox RUINED Faces.,Flamingo,UCm-X6o81nRsXQTmqpyArkBQ,20,Gaming,"Family, friendly",2,https://i.ytimg.com/vi/-Ek5QUa3DEI/hqdefault.jpg,en,en,False,1031,PT17M11S,hd,False,True,False,False,749156,49740,4434
LoElk8clGVg,GB,2026-02-07T03:09:39.276119+00:00,2026-02-06T05:00:06Z,ZAYN - Die For Me (Official Video),ZAYN - Die For Me (Official Video),ZaynVEVO,UCy5FUarBYUHFpPtYVuvzgcA,10,Music,"ZAYN, Pop, zayn malik, die for me, new zayn music, zayn tour, pillowtalk, zayn 2016, zayn 2026, zayn vegas",10,https://i.ytimg.com/vi/LoElk8clGVg/hqdefault.jpg,af,en,False,180,PT3M,hd,True,True,False,False,827455,117916,13473
0MyCLVQaZt4,GB,2026-02-07T03:09:39.276126+00:00,2026-02-05T16:17:46Z,FROM Season 4 Official Teaser Trailer (2026),FROM Season 4 Official Teaser Trailer (2026),KinoCheck.com,UCLRlryMfL8ffxzrtqv0_k_w,24,Entertainment,"2026, Catalina Sandino Moreno, Eion Bailey, From, From trailer, Harold Perrineau, KinoCheck, Mystery, Series, monster, mysteries, small town, trailer",13,https://i.ytimg.com/vi/0MyCLVQaZt4/hqdefault.jpg,en,en,False,49,PT49S,hd,False,True,False,False,72332,742,76
60A4hqpw5As,GB,2026-02-07T03:09:39.276134+00:00,2026-02-06T17:06:43Z,I Secretly Lived In Kat's Base For 99 NIGHTS IN THE FOREST... W/ @Kat,I Secretly Lived In Kat's Base For 99 NIGHTS IN THE FOREST... W/ @Kat,Lana's Life,UCvICJHzZEwb_9ckAMohAqzw,20,Gaming,,0,https://i.ytimg.com/vi/60A4hqpw5As/hqdefault.jpg,en,en,False,1019,PT16M59S,hd,False,True,False,False,234597,4787,996
x59r7Sy6jqA,GB,2026-02-07T03:09:39.276141+00:00,2026-02-06T09:00:07Z,Maisie Peters - My Regards [Official Music Video],Maisie Peters - My Regards [Official Music Video],Maisie Peters,UCJvnOmwPOgeLczo7zLzb5Xg,10,Music,"maisie peters, original, music, singing, guitar, song, john hughes movie, not the one, daydreams, the list, sad girl summer, maybe don't, jp saxe, maisy peters, maisie peter, the good witch, you sign up for this, there it goes, i made it to september, history of man, lost the breakup, worst of you, you you you, audrey hepburn, my regards, maisie peters my regards, maisie my regards, amelia dimoldenberg, benito skinner, benny drama",30,https://i.ytimg.com/vi/x59r7Sy6jqA/hqdefault.jpg,en,en-GB,False,230,PT3M50S,hd,False,True,False,False,65315,6871,314
YeDy_JebCE0,GB,2026-02-07T03:09:39.276149+00:00,2026-02-05T16:05:32Z,Rivals Season 2 | Official Teaser | Disney+ UK,Rivals Season 2 | Official Teaser | Disney+ UK,Disney Plus UK,UCBU3VGefEXS31DwIUfejPew,24,Entertainment,"disney+, disney+uk, rivals, rivals season 1, rivals season 2 trailer, rivals david tennant, david tennant, david tennant doctor who, danny dyer, rivals danny dyer, danny dyer eastenders, katherine parkinson, katherine parkinson the it crowd, rivals david tennant scenes, rivals season 2 trailer reaction, rivals disney, rivals full episodes, katherine parkinson rivals, david tennant 500 miles, david tennant and michael sheen, david tennant bafta, david tennant hamlet",22,https://i.ytimg.com/vi/YeDy_JebCE0/hqdefault.jpg,en,en-GB,False,58,PT58S,hd,True,True,False,False,49808,1396,55
RPRx161QoYQ,GB,2026-02-07T03:09:39.276156+00:00,2026-02-07T01:52:47Z,I'm on Observation Duty: LIVE,I'm on Observation Duty: LIVE,Markiplier,UC7_YxT-KID8kRbqZo7MyscQ,20,Gaming,"markiplier, indie horror, scares, jumpscares, spooky, creepy, creepypasta, backrooms, ghosts, haunted, scary games, horror games, im on observation duty 8, alternates, dopplegangers, anomalies",16,https://i.ytimg.com/vi/RPRx161QoYQ/hqdefault.jpg,en,en,False,7359,PT2H2M39S,hd,False,True,False,False,257136,32423,224
ZPGWdJsNvjY,GB,2026-02-07T03:09:39.276164+00:00,2026-02-05T19:30:06Z,Marnz Malone - Pick Your Poison (Official Video),Marnz Malone - Pick Your Poison (Official Video),Marnz Malone,UCAx_RRfx7jnYC0xCwG4FuWw,22,People & Blogs,"marnzmalone, marnz, double m, marnz malone freestyle, marnz malone maktub, marnz malone ball 4 u, marnz malone cold hearted world, marnz malone rap, marnz malone music, marnz malone birmingham, marnz malone dunce, marnz malone trenchfoot, pick your poison, nana's veranda, marnz malone new music, album, marnz malone type beat, cold hearted world, chy cartier's adlibs, new music uk, yaqeen, marnz malone, marnz malone tunde, uk rap, new uk rap, 2026 rap, dubai, london, rap",29,https://i.ytimg.com/vi/ZPGWdJsNvjY/hqdefault.jpg,en,en-GB,False,201,PT3M21S,hd,False,False,False,False,80114,4485,218
JubgL46Xkmk,GB,2026-02-07T03:09:39.276171+00:00,2026-02-05T15:00:00Z,Horizon Hunters Gathering - Announcement Trailer | PS5 Games,Horizon Hunters Gathering - Announcement Trailer | PS5 Games,PlayStation,UC-2Y8dQb0S6DtpxNgAKoJKA,20,Gaming,"PlayStation, PS5, video games, next gen, Sony, horizon, hunters gathering, hunters, aloy, erend, zero dawn, forbidden west, steel frontiers, steam, machines",15,https://i.ytimg.com/vi/JubgL46Xkmk/hqdefault.jpg,en,en,False,583,PT9M43S,hd,True,True,False,False,532028,17509,8911
hk-OG8q_SDE,GB,2026-02-07T03:09:39.276179+00:00,2026-02-05T19:51:42Z,BETA SQUAD AMONG US: Low IQ Edition,BETA SQUAD AMONG US: Low IQ Edition,NDL,UC9K44RtwiROAwCpALm1wdyQ,22,People & Blogs,,0,https://i.ytimg.com/vi/hk-OG8q_SDE/hqdefault.jpg,en,en,False,2482,PT41M22S,hd,False,True,False,False,651270,24519,1797
AYtbfAAHP6c,GB,2026-02-07T03:09:39.276185+00:00,2026-02-02T14:57:38Z,(When You Gonna) Give It Up to Me [feat. Keyshia Cole] [Sped Up],(When You Gonna) Give It Up to Me [feat. Keyshia Cole] [Sped Up],Sean Paul - Topic,UCnCNNA05VZcH8wVJYtC-6ew,10,Music,"Sean Paul, Keyshia Cole, (When You Gonna) Give It Up To Me [feat. Keyshia Cole], (When You Gonna) Give It Up to Me [feat. Keyshia Cole] [Sped Up]",4,https://i.ytimg.com/vi/AYtbfAAHP6c/hqdefault.jpg,en,en,False,227,PT3M47S,hd,False,True,False,False,217668,1544,3
-cMIJZRtJ4A,GB,2026-02-07T03:09:39.276193+00:00,2026-02-05T15:17:59Z,"YOUNG SHERLOCK Trailer (2026) Guy Ritchie, Colin Firth","YOUNG SHERLOCK Trailer (2026) Guy Ritchie, Colin Firth",ONE Media,UCzcRQ3vRNr6fJ1A9rqFn7QA,1,Film & Animation,"movie trailer, new trailer, trailer, official, 2026",5,https://i.ytimg.com/vi/-cMIJZRtJ4A/hqdefault.jpg,en,en,False,122,PT2M2S,hd,False,True,False,False,128794,1588,240
bEy1dKOQWjM,GB,2026-02-07T03:09:39.276200+00:00,2026-02-06T15:03:49Z,Using Cameras To CHEAT In Roblox Hide & Seek! (Brookhaven),Using Cameras To CHEAT In Roblox Hide & Seek! (Brookhaven),KAYE,UCkyRXzzqd2DQVRu4xnc0GnA,20,Gaming,"Using Cameras To CHEAT In Roblox Hide N' Seek! (Brookhaven), brookhaven, hide and seek, hide n seek, hide & seek, roblox, kaye, roblox hide n seek",8,https://i.ytimg.com/vi/bEy1dKOQWjM/hqdefault.jpg,en,,False,1471,PT24M31S,hd,False,True,False,False,141379,3036,702
FjXRjwaOaQk,GB,2026-02-07T03:09:39.276207+00:00,2026-02-06T18:00:15Z,Suspect AGB - Taliban {Official Visualisers} ft Lil Dotz,Suspect AGB - Taliban {Official Visualisers} ft Lil Dotz,Suspect AGB,UCFkmdvxD6RjDsXxEdLOV_Gg,10,Music,,0,https://i.ytimg.com/vi/FjXRjwaOaQk/hqdefault.jpg,en,en,False,124,PT2M4S,hd,False,True,False,False,7985,607,36
L00r5BGgP64,GB,2026-02-07T03:09:39.276214+00:00,2026-02-05T18:00:06Z,Rooster | Official Trailer | HBO Max,Rooster | Official Trailer | HBO Max,HBO Max,UCx-KWLTKlB83hDI6UKECtJQ,24,Entertainment,"hbo max, hbo, hbo originals, hbo original series, hbo trailer, new on hbo, max, hbo max originals, hbo max trailer, hbo max teaser, hbo max series, hbo max youtube, rooster, steve carell, rooster hbo, rooster hbo max, charly clive, connie britton, phil dunster, lauren tsai, danielle deadwyler, annie mumolo, john c mcginley, robby hoffman, alan ruck, rory scovel, rooster comedy, steve carell comedy, steve carell rooster, steve carrell, Maximo Salas, Matt Tarses",32,https://i.ytimg.com/vi/L00r5BGgP64/hqdefault.jpg,en,en,False,137,PT2M17S,hd,True,True,False,False,461713,8510,331
PkXa-NSsLIU,GB,2026-02-07T03:09:39.276221+00:00,2026-02-06T18:51:23Z,I Got My Own Brainrot In Escape Tsunami For Brainrots...,I Got My Own Brainrot In Escape Tsunami For Brainrots...,Techys,UCoRjsuzMh-MqfRjvlqaVLPw,20,Gaming,,0,https://i.ytimg.com/vi/PkXa-NSsLIU/hqdefault.jpg,en,en,False,674,PT11M14S,hd,False,True,False,False,240047,9166,480
VdU_iaEoBKM,GB,2026-02-07T03:09:39.276228+00:00,2026-02-05T19:00:28Z,EsDeeKid - Omens,EsDeeKid - Omens,EsDeeKid,UC8jLPGsRRCTaK-PAWIfCrpg,22,People & Blogs,,0,https://i.ytimg.com/vi/VdU_iaEoBKM/hqdefault.jpg,en,en,False,122,PT2M2S,hd,False,False,False,False,390136,44572,4169
WphBVu4RFyA,GB,2026-02-07T03:09:39.276234+00:00,2026-02-06T17:01:45Z,Fortnite Trailers You‚Äôve NEVER Seen Before‚Ä¶,Fortnite Trailers You‚Äôve NEVER Seen Before‚Ä¶,Ali-A¬≤,UCAea1C_i5EL0Bu48FM-N6Qw,22,People & Blogs,"ali a, alia, morealia, fortnite, fortnite ali a, fortnite update, trailers, alia2, ali-a2, peely",10,https://i.ytimg.com/vi/WphBVu4RFyA/hqdefault.jpg,en,en,False,1081,PT18M1S,hd,False,True,False,False,24940,583,35
3aCcjT-RShY,GB,2026-02-07T03:09:39.276241+00:00,2026-02-06T15:00:15Z,RICH VILLAGERS Split the Village in HALF!,RICH VILLAGERS Split the Village in HALF!,Cash,UC0eLBYhxW9HC0P9PXQ73mpQ,24,Entertainment,"Cash, Nico, Nico and Cash, Cash and Nico, Minecraft, Minecraft mod, family friendly, kid friendly",8,https://i.ytimg.com/vi/3aCcjT-RShY/hqdefault.jpg,en,en-US,False,1528,PT25M28S,hd,False,True,False,False,183779,2953,538
9nEp9eeGaJk,GB,2026-02-07T03:09:39.276248+00:00,2026-02-06T13:00:03Z,ILLIT (ÏïÑÏùºÎ¶ø) 'NOT ME‚Äô Official MV,ILLIT (ÏïÑÏùºÎ¶ø) 'NOT ME‚Äô Official MV,HYBE LABELS,UC3IZKseVpdzPSBaWxBxundA,10,Music,"HYBE, HYBE LABELS, ÌïòÏù¥Î∏å, ÌïòÏù¥Î∏åÎ†àÏù¥Î∏îÏ¶à",4,https://i.ytimg.com/vi/9nEp9eeGaJk/hqdefault.jpg,ko,ko,False,156,PT2M36S,hd,True,True,False,False,844370,145780,8033
Eda3BDGcSEs,GB,2026-02-07T03:09:39.276255+00:00,2026-02-06T17:32:25Z,Reckless Trailer - Scott Adkins Vinnie Jones 2026,Reckless Trailer - Scott Adkins Vinnie Jones 2026,Scott Adkins,UCHO1XcwkJmTS0Hb1NkBks9A,24,Entertainment,"scott adkins, Boyka, Undisputed, Martial Arts",4,https://i.ytimg.com/vi/Eda3BDGcSEs/hqdefault.jpg,en,en-GB,False,125,PT2M5S,hd,False,True,False,False,27425,2054,260
spXJwMbHZSw,GB,2026-02-07T03:09:39.276262+00:00,2026-02-05T18:27:43Z,Minecraft Trapper VS 1000 Players,Minecraft Trapper VS 1000 Players,Spoke,UCk2uxbWi5py_iJXaEsh2YRA,20,Gaming,"spoke, spokeishere, lifesteal, minecraft, survival, wormhole, unstable, unstable universe, wemmbu, parrotx2",10,https://i.ytimg.com/vi/spXJwMbHZSw/hqdefault.jpg,en,en-US,False,4396,PT1H13M16S,hd,False,True,False,False,2138049,97753,12171
vysZMyXS78U,GB,2026-02-07T03:09:39.276269+00:00,2026-02-05T10:02:16Z,Familiar Faces,Familiar Faces,Two Connors - Topic,UC9s9uPgz2Bh_QgHE6koW-rg,10,Music,"Two Connors, Familiar Faces",2,https://i.ytimg.com/vi/vysZMyXS78U/hqdefault.jpg,en,en,False,185,PT3M5S,hd,False,True,False,False,12774,1019,0
DlRQ1oatOt8,GB,2026-02-07T03:09:39.276276+00:00,2026-02-05T15:58:36Z,EXIT 8 - Official Trailer - In Theaters April 10,EXIT 8 - Official Trailer - In Theaters April 10,NEON,UCpy5dRhZd-JbZP4NsrnLt1w,24,Entertainment,,0,https://i.ytimg.com/vi/DlRQ1oatOt8/hqdefault.jpg,en,en,False,121,PT2M1S,hd,False,False,False,False,187305,8467,382
GUqJQF-1NFw,GB,2026-02-07T03:09:39.276283+00:00,2026-02-06T17:17:43Z,The Biblically Accurate Skyrim Challenge...,The Biblically Accurate Skyrim Challenge...,The Spiffing Brit,UCRHXUZ0BxbkU2MYZgsuFgkQ,20,Gaming,"The, Spiffing, Brit, skyrim, skyrim challenge, skyrim video, skyrim game, skyrim anniversary, skyrim no magic, skyrim no potions, skyrim potions, skyrim hard, skyrim impossible, exploits, bugs, glitches, fallout 4, the elder scrolls v: skyrim, skyrim special edition, spiffing brit, oblivion, tes 6, gaming, fallout, skyrim god, god, the holy run, parents, skyrim parents challenge, todd, todd howard, youtube, memes, funny moments, glitch, games, funny skyrim, funny skyrim challenge, skrim",39,https://i.ytimg.com/vi/GUqJQF-1NFw/hqdefault.jpg,en-GB,en,False,2848,PT47M28S,hd,False,True,False,False,286544,15954,1537
rvlOH2AJyDY,GB,2026-02-07T03:09:39.276291+00:00,2026-02-03T21:11:47Z,BACK TO FRIENDS - SOMBR,BACK TO FRIENDS - SOMBR,ASTTRO,UCrLYRfINK1XVUVan2AiUIUQ,22,People & Blogs,"Back to friends, Sombr, Bck to friends Sombr, Sombr Back to friends, Back to friends lyrics, Sombr Back to friends lyrics, I'm holding on too tight, How can we go back to being fri–µnds, When we just shared a bed?",9,https://i.ytimg.com/vi/rvlOH2AJyDY/hqdefault.jpg,en-US,en-US,False,200,PT3M20S,hd,False,True,False,False,183899,350,1
OtYlv97NlO4,GB,2026-02-07T03:09:39.276298+00:00,2026-02-05T12:18:06Z,Bambukat 2 | Official Trailer | Ammy Virk | Simi Chahal | Binnu Dhillon| Gurpreet Ghuggi| 20th Feb ,Bambukat 2 | Official Trailer | Ammy Virk | Simi Chahal | Binnu Dhillon| Gurpreet Ghuggi| 20th Feb ,Rhythm Boyz,UC8KlAzFi-luP2jo_gRgQk7A,10,Music,,0,https://i.ytimg.com/vi/OtYlv97NlO4/hqdefault.jpg,en,en,False,196,PT3M16S,hd,False,True,False,False,1340773,25768,398
07ZA-pjz_cw,GB,2026-02-07T03:09:39.276305+00:00,2026-02-06T20:00:49Z,30x CAMPAIGN REWIND PLAYER PICKS! ü§Ø FC 26 Ultimate Team,30x CAMPAIGN REWIND PLAYER PICKS! ü§Ø FC 26 Ultimate Team,AuzioMF,UCXWfmXteFx5KLLBnxV0fq7A,20,Gaming,"auziomf, pack opening, auzio, icon pack, icon player pick, eafc, ultimate team, fifa, rank 1, rank 1 rewards, rank 1 champs, champs rewards, player pick, fut, fc 26, fc 26 ratings, fc26, fc 26 ultimate team, eafc26, fc 26 gameplay, fc 26 pack, fc 26 pack opening, eafc 26, fc26 pack, ea fc 26, eafc 26 pack, ea sports fc 26, eafc 26 pack opening, eafc 26 ultimate team, fc26 pack opening, campaign rewind player pick, campaign rewind pick, campaign rewind, campaign pick, campaign",35,https://i.ytimg.com/vi/07ZA-pjz_cw/hqdefault.jpg,en-GB,en-GB,False,1129,PT18M49S,hd,False,True,False,False,94790,2127,114
CKp8pSEVH8g,GB,2026-02-07T03:09:39.276312+00:00,2026-01-31T18:18:07Z,Luther Vandross - Dance With My Father (Lyrics),Luther Vandross - Dance With My Father (Lyrics),7clouds Trap,UCIgZe8srzEDOEo-qydiYzaw,22,People & Blogs,"dance with my father, dance with my father lyrics, lyrics dance with my father, luther vandross, luther vandross dance with my father, dance with my father luther vandross, luther, vandross, dance with my father karaoke, karaoke dance with my father, luther dance with my father, dance with my father luther, dance with my father song, dance with my father again, dance with father song, dance father, dance with father, with my father, pop, pop lyrics, pop songs, lyrics, rnb, r&b",24,https://i.ytimg.com/vi/CKp8pSEVH8g/hqdefault.jpg,en,en,False,264,PT4M24S,hd,False,True,False,False,130366,385,13
NXxTTL9vXyg,GB,2026-02-07T03:09:39.276319+00:00,2026-02-06T10:30:13Z,Masthishka Maranam - Official Teaser 2 | Rajisha Vijayan | Krishand | Varkey,Masthishka Maranam - Official Teaser 2 | Rajisha Vijayan | Krishand | Varkey,Saregama Malayalam,UCoRF8GByEjmM_yHwUGIDGyQ,1,Film & Animation,"Komala Thaamara, Komala Thaamara song, Komala Thaamara video song, Masthishkamaranam, Masthishkamaranam songs, Masthishkamaranam movie, Krishand film, Rajisha Vijayan songs, Rajisha Vijayan movie, Malayalam new songs, Malayalam video song, cyberpunk Malayalam movie, sci fi Malayalam film, kuthu beat Malayalam, Malayalam kuthu song, Varkey music, Varkey songs, Pranavam Sasi vocals, Anil Lal rap, Andre rap Tamil, trending Malayalam songs, 2026 Malayalam songs",22,https://i.ytimg.com/vi/NXxTTL9vXyg/hqdefault.jpg,en,ml,False,117,PT1M57S,hd,False,True,False,False,89191,2655,226
Iasj6B3TscI,GB,2026-02-07T03:09:39.276326+00:00,2026-02-06T22:28:00Z,We Went on a Roadtrip... in Roblox,We Went on a Roadtrip... in Roblox,SMii7Yplus,UC-gW4TeZAlKm7UATp24JsWQ,20,Gaming,"smii7y, smii7yplus, smii7y+, smii7y plus, desert roblox game, roblox, roblox a desrt, a desrt, a desrt roblox, desrt, desrt roblox, a desrt sandbox, roblox desrt, the long drive roblox, the long drive, the long drive roblox game, roblox the long drive",17,https://i.ytimg.com/vi/Iasj6B3TscI/hqdefault.jpg,en,,False,1370,PT22M50S,hd,False,True,False,False,231540,20614,900
D3jQltsjUzE,GB,2026-02-07T03:09:39.276334+00:00,2026-02-06T10:00:29Z,Myles Smith & Niall Horan - Drive Safe (Official Lyric Video),Myles Smith & Niall Horan - Drive Safe (Official Lyric Video),Myles Smith,UCZfbjzBfq81Dt1Fvrnbsj5w,10,Music,"MylesSmith, mylessmith, niallhoran, onedirection, harrystyles, zaynmalik, zayn, stargazing, nicetomeetyousong, nicetomeetyou, NTMY, ohhinicetomeetyou, stargazingguy, takemyheartsong, drivesafe, followyourheart, niallhorandrivesafe, 1D",18,https://i.ytimg.com/vi/D3jQltsjUzE/hqdefault.jpg,en,en,False,198,PT3M18S,hd,False,True,False,False,50207,5658,301
0vMnTXLFdyU,GB,2026-02-07T03:09:39.276341+00:00,2026-02-06T15:30:00Z,FIFA But Father & Sons Only,FIFA But Father & Sons Only,More Chuff,UC8QylkZmeGTi5Y2VR5bf7VA,20,Gaming,"fc26, eafc 26, eafc, ea sports fc 26, ea sports fc26, chuffsters, chuff, morechuff, chuffsters fc26, chuffsters eafc 26, football, soccer, squad builder fc26, fc26 tournament, fc26 gameplay, chuffsters ultimate team, ultimate team, fut, fut 26, ut, ut squad builder, ultimate team squad builder, ea sports fc, FIFA But Father & Sons Only, FC But Family Members Only",25,https://i.ytimg.com/vi/0vMnTXLFdyU/hqdefault.jpg,en,en-GB,False,653,PT10M53S,hd,False,True,False,False,114991,2893,150
Ct_5ufRlAsw,GB,2026-02-07T03:09:39.276349+00:00,2026-02-05T13:24:04Z,Mozzik - Diss,Mozzik - Diss,MOZZIK,UC8qgvgRbbZuCq9W4VRVe1dA,10,Music,"Mozzik, MOZZIK, mozzik, Mozzik - Diss, Diss, mozzik diss, gimme 5, shqip, albania, kosovo, hiphop, hitet 2026, Hitet e Reja 2026",13,https://i.ytimg.com/vi/Ct_5ufRlAsw/hqdefault.jpg,en,sq,False,372,PT6M12S,hd,False,True,False,False,1056105,27507,1858
-UxydeJpCGo,GB,2026-02-07T03:09:39.276356+00:00,2026-02-06T13:00:00Z,This WHEEL Chooses My Brainrots‚Ä¶,This WHEEL Chooses My Brainrots‚Ä¶,CashBlox,UCY0R0Ck6qK2deVTKkfWJIEA,24,Entertainment,"Cash, Nico, Nico and Cash, Cash and Nico, Minecraft, Minecraft mod, family friendly, kid friendly",8,https://i.ytimg.com/vi/-UxydeJpCGo/hqdefault.jpg,en,en,False,1179,PT19M39S,hd,False,True,False,False,203532,3740,917
FuzKVhhDJE4,GB,2026-02-07T03:09:39.276363+00:00,2026-02-06T16:59:12Z,"Tom MacDonald - ""Pray For The Left""","Tom MacDonald - ""Pray For The Left""",Tom MacDonald,UCElGBUWDCa05jRzc2PfmGqQ,10,Music,"tom macdonald, tom macdonald rap, tom macdonald rapper, tom macdonald you missed, tom macdonald american flag, tom macdonald facts, tom macdonald ben shapiro, independent rapper, Tom MacDonald New Song, New Tom MacDonald, tom macdonald trump, trump tom macdonald, maga rapper, conservative rap, devil is a democrat song, all my haters tom macdonald, all my haters lyrics, tom macdonald new song, tom macdonald haters, all my haters rap, protest music, patriot music, patriotic",23,https://i.ytimg.com/vi/FuzKVhhDJE4/hqdefault.jpg,en,en,False,204,PT3M24S,hd,False,True,False,False,381561,58406,6373
vCDgypkCfhg,GB,2026-02-07T03:09:39.276370+00:00,2026-02-06T22:25:12Z,PLAYING ROBLOX‚ÅâÔ∏è #roblox #gameplay,PLAYING ROBLOX‚ÅâÔ∏è #roblox #gameplay,DennyX,UCWoq53LwUUdoyGNHwlEDrrQ,20,Gaming,"roblox, roblox gameplay, roblox brainrot, brainrot grinding, roblox grinding, roblox live, roblox stream, roblox base, roblox farming, roblox no commentary, roblox relaxing, roblox long play, roblox parkour, roblox steal a brainrot",14,https://i.ytimg.com/vi/vCDgypkCfhg/hqdefault.jpg,en,en-US,False,30,PT30S,hd,False,True,False,False,916782,1296,3
0UPDBODtxzw,GB,2026-02-07T03:09:39.276377+00:00,2026-02-06T05:00:02Z,"Tame Impala, JENNIE - Dracula (JENNIE Remix - Official Lyric Video)","Tame Impala, JENNIE - Dracula (JENNIE Remix - Official Lyric Video)",tameimpalaVEVO,UCEGJtJpwHlpUoMlAOlCWdAA,10,Music,"like Dracula, My friends are saying shut up Jennie just get in the car, Currents, Slow Rush, Lonerism, The Less Know The Better, Borderline, Let It Happen, New Person Same Old Mistakes, JENNIE, Jennie Kim, JENNIE MV, JENNIE Solo, ZEN, Ruby, JENNIE Ruby, Mantra, JENNIE Album, JENNIE New Music, JENNIE New Song, This That Pretty Girl Mantra, JENNIE Mantra, JENNIE from BLACKPINK, BLACKPINK, BLACKPINK JENNIE, Fashion, K-Pop, KPop, BLINKs, OddAtelier, Odd Atelier, Love Hangover",32,https://i.ytimg.com/vi/0UPDBODtxzw/hqdefault.jpg,en,en,False,211,PT3M31S,hd,False,True,False,False,828657,136538,7831
c_R_wl6HNyM,GB,2026-02-07T03:09:39.276386+00:00,2026-02-06T15:00:00Z,LankyBox FORGOT TO STOP RECORDING in ESCAPE TSUNAMI FOR BRAINROTS!? (SHOCKING TRUTH REVEALED!),LankyBox FORGOT TO STOP RECORDING in ESCAPE TSUNAMI FOR BRAINROTS!? (SHOCKING TRUTH REVEALED!),LankyBox,UCSf0s2ogUVYpJPuzW1zpAOg,20,Gaming,"lankybox, lankybox forgot to turn off the camera, lankybox forgot, lankybox forgot to, lankybox forgets, lankybox forgot to stop filming, lankybox forgot to stop, lankybox forgot to stop recording, lankybox forgot to stop record, lankybox rage quits, lankybox escape tsunami for brainrots, escape tsunami for brainrots lankybox, lankybox pranks, escape tsunami for brianrots, lankybox plays escape tsunami for brainrots, lankybox secrets, lankybox hidden camera, lankybox funny prank",18,https://i.ytimg.com/vi/c_R_wl6HNyM/hqdefault.jpg,en,en,False,1382,PT23M2S,hd,False,True,False,False,209536,3144,592
pQirHUlxcsc,GB,2026-02-07T03:09:39.276393+00:00,2026-02-05T10:02:06Z,Inima ta (feat. Just Eddie) (Radio Edit),Inima ta (feat. Just Eddie) (Radio Edit),trvlr. - Topic,UCVqcWVeplldIsuuB--MNEfw,10,Music,"trvlr., Just Eddie, Inima ta (feat. Just Eddie) [Radio Edit], Inima ta (feat. Just Eddie) (Radio Edit)",4,https://i.ytimg.com/vi/pQirHUlxcsc/hqdefault.jpg,ro,en,False,217,PT3M37S,hd,False,True,False,False,81453,4118,227
GhAEOtzbaTE,GB,2026-02-07T03:09:39.276401+00:00,2026-02-06T18:00:30Z,Can We Escape Together?,Can We Escape Together?,Smosh Games,UCJ2ZDzMRgSrxmwphstrm8Ww,20,Gaming,"smosh, smosh games, gaming, comedy, funny",5,https://i.ytimg.com/vi/GhAEOtzbaTE/hqdefault.jpg,en,en,False,4627,PT1H17M7S,hd,True,True,False,False,245827,16937,785
cWUCy_VnDzw,GB,2026-02-07T03:09:39.276408+00:00,2026-02-05T20:00:34Z,W1ZZY - First Quarter 2.0 (Official Music Video),W1ZZY - First Quarter 2.0 (Official Music Video),W1ZZY,UCJiRJTWO9MGProCyhdg14AQ,10,Music,"W1ZZY, audio visualizer, up next",3,https://i.ytimg.com/vi/cWUCy_VnDzw/hqdefault.jpg,en,en,False,147,PT2M27S,hd,False,False,False,False,27255,1309,53
