video_id,published_at,title,channel_title,category_id,category_name,tags,duration,definition,caption_available,licensed_content,views,likes,comments
NIeWpsCJJas,2025-11-21T14:40:06Z,BAYANSULU - Sondaiym bar endi | Dance performance,BAYANSULU,22,People & Blogs,"Bayansulu, –ë–∞—è–Ω—Å—É–ª—É, umytsamda, aua rai, –∞—É–∞ —Ä–∞–π, –∫—É—Ç–µ–º–∏–Ω",150,hd,false,True,3341436,13463,641
VI6XO8EijT4,2025-12-05T20:00:28Z,DIGITAL CIRCUS EP 7 TRAILER!!,GLITCH,1,Film & Animation,"glitch, glitch productions, digital circus, the amazing digital circus, murder drones, Pomni, Uzi, Jax, Ragatha, Kinger, Gangle, Zooble, Caine, Bubble, 3D, Animation, 3D Animation, Indie Animation, Gummigoo",58,hd,true,True,5285578,485249,27792
ImykA7h8FcY,2025-12-05T05:15:02Z,–ë—ñ–∑ –û–π—ã–Ω–Ω–∞–Ω –®—ã“õ“õ–∞–Ω–Ω–∞–Ω –ö–µ–π—ñ–Ω –ë—Ä–µ–π–Ω—Ä–æ—Ç—Ç–∞—Ä –¢—ñ—Ä—ñ–ª—ñ–ø –ö–µ—Ç—Ç—ñ! –ë—Ä–µ–π–Ω—Ä–æ—Ç—Ç–∞—Ä –ù–µ –Ü—Å—Ç–µ–π–¥—ñ? –£–∫—Ä–∞–¥–∏ –ë—Ä–µ–π–Ω—Ä–æ—Ç,DOSYMZHAN KZ,20,Gaming,,1013,hd,false,True,312041,15505,1505
3GuWzo4Zacs,2025-12-04T22:24:14Z,–ê—Ä–º–∞–Ω –°–µ–π—Ç–∂–∞–ø–ø–∞—Ä - ‚Äú“∞–Ω–∞–π–¥—ã –∂–∞–Ω—ã–º‚Äù (lyric video),–ê—Ä–º–∞–Ω –°–µ–π—Ç–∂–∞–ø–ø–∞—Ä - ARO,22,People & Blogs,,150,hd,false,True,145870,6872,388
h_zikuWihTo,2025-12-07T00:18:15Z,"–ü–∞—Ü–∞–Ω—ã (5 –°–µ–∑–æ–Ω) - –†—É—Å—Å–∫–∏–π —Ç—Ä–µ–π–ª–µ—Ä (–°—É–±—Ç–∏—Ç—Ä—ã, 2026) –ö–∞—Ä–ª –£—Ä–±–∞–Ω, –≠–Ω—Ç–æ–Ω–∏ –°—Ç–∞—Ä—Ä",FRESH Trailers,1,Film & Animation,"the boys, the boys trailer, 2026, movie, film, official, –ø–∞—Ü–∞–Ω—ã 5 —Å–µ–∑–æ–Ω, –ø–∞—Ü–∞–Ω—ã 5 —Å–µ–∑–æ–Ω —Ç—Ä–µ–π–ª–µ—Ä, –ø–∞—Ü–∞–Ω—ã –°–µ–∑–æ–Ω 5, –ø–∞—Ü–∞–Ω—ã, –ø–∞—Ü–∞–Ω—ã —Ç—Ä–µ–π–ª–µ—Ä, –ø–∞—Ü–∞–Ω—ã —Ä—É—Å—Å–∫–∏–π —Ç—Ä–µ–π–ª–µ—Ä, –ø–∞—Ü–∞–Ω—ã 2026, —Ñ–∞–Ω—Ç–∞—Å—Ç–∏–∫–∞, –±–æ–µ–≤–∏–∫, –¥—Ä–∞–º–∞, –∫–æ–º–µ–¥–∏—è, –∫—Ä–∏–º–∏–Ω–∞–ª, —Å–º–æ—Ç—Ä–µ—Ç—å, hd, —Å–µ—Ä–∏–∞–ª, –∏–Ω—Ç–µ—Ä–µ—Å–Ω—ã–µ —Ñ–∏–ª—å–º—ã, –Ω–æ–≤–∏–Ω–∫–∏ –∫–∏–Ω–æ, –∫–∏–Ω–æ –Ω–æ–≤–∏–Ω–∫–∏, —Ç—Ä–µ–π–ª–µ—Ä, —Ç—Ä–µ–π–ª–µ—Ä 2026, —Ç—Ä–µ–π–ª–µ—Ä—ã, —Ç—Ä–µ–π–ª–µ—Ä—ã 2026, —Ñ–∏–ª—å–º—ã, —Ñ–∏–ª—å–º—ã 2026, —Ñ–∏–ª—å–º, —Ñ–∏–ª—å–º 2026, –∫–∏–Ω–æ, –∫–∏–Ω–æ 2026, —Ä—É—Å—Å–∫–∏–π —Ç—Ä–µ–π–ª–µ—Ä, —Ç—Ä–µ–π–ª–µ—Ä –Ω–∞ —Ä—É—Å—Å–∫–æ–º, —Ç—Ä–µ–π–ª–µ—Ä —Ñ–∏–ª—å–º–∞, trailers 2026, fresh trailers",122,hd,false,False,65758,3690,405
o_KUFxCQykE,2025-12-06T15:01:35Z,üò±–ë—Ä–µ–π–Ω—Ä–æ—Ç—Ç–∞—Ä–¥—ã“£ –ê–¢–ê–õ–ê–†–´ –∂–∞—Å—ã—Ä—ã–ª“ì–∞–Ω “ö“∞–ü–ò–Ø –ë–£–ù–ö–ï–† –¢–∞—É—ã–ø –ê–ª–¥—ã–º! –£–∫—Ä–∞–¥–∏ –ë—Ä–µ–π–Ω—Ä–æ—Ç –†–æ–±–ª–æ–∫—Å,NONIKZ ROBLOX,20,Gaming,"–Ω–æ–Ω–∏ –∫–∑, –Ω–æ–Ω–∏ –∫–∑ —Ä–æ–±–ª–æ–∫—Å, –Ω–æ–Ω–∏ –∫–∑ roblox, noni kz roblox, noni kz games, —Ä–æ–±–ª–æ–∫—Å, roblox, —É–∫—Ä–∞–¥–∏ –±—Ä–µ–π–Ω—Ä–æ—Ç, —É–∫—Ä–∞–¥–∏ –±—Ä–µ–π–Ω—Ä–æ—Ç —Ä–æ–±–ª–æ–∫—Å, —É–∫—Ä–∞–¥–∏ –±—Ä–µ–π–Ω—Ä–æ—Ç –≤ —Ä–æ–±–ª–æ–∫—Å, —É–∫—Ä–∞–¥–∏ –±—Ä–µ–π–Ω—Ä–æ—Ç roblox, —Ä–æ–±–ª–æ–∫—Å –±—Ä–µ–π–Ω—Ä–æ—Ç, –±—Ä–µ–π–Ω—Ä–æ—Ç, –±—Ä–µ–π–Ω—Ä–æ—Ç —Ä–æ–±–ª–æ–∫—Å, —É–∫—Ä–∞–¥–∏, –±—Ä–µ–π–Ω—Ä–æ—Ç roblox, roblox –±—Ä–µ–π–Ω—Ä–æ—Ç, —É–∫—Ä–∞–¥–∏ –±—Ä–µ–π–Ω—Ä–æ—Ç –æ–±–Ω–æ–≤–∞, —É–∫—Ä–∞–¥–∏ –±—Ä–µ–π–Ω—Ä–æ—Ç –∫–∞–∑–∞–∫—à–∞, —É–∫—Ä–∞–¥–∏ –±—Ä–µ–π–Ω—Ä–æ—Ç –∏–≥—Ä–∞, —É–∫—Ä–∞–¥–∏ –±—Ä–µ–π–Ω—Ä–æ—Ç —Ä–æ–±–ª–æ–∫—Å –∫–∞–∑–∞–∫—à–∞, —Ä–æ–±–ª–æ–∫—Å –∫–∞–∑–∞–∫—à–∞, —Ä–æ–±–ª–æ–∫—Å —É–∫—Ä–∞–¥–∏ –±—Ä–µ–π–Ω—Ä–æ—Ç –∫–∞–∑–∞–∫—à–∞, –Ω–æ–Ω–∏ –∫–∑ —É–∫—Ä–∞–¥–∏ –±—Ä–µ–π–Ω—Ä–æ—Ç, —Ä–æ–±–ª–æ–∫—Å –≤–∏–¥–µ–æ, —Ä–æ–±–ª–æ–∫—Å –æ–π—ã–Ω",1107,hd,false,True,191252,22015,1306
qyy1c7FzM4w,2025-12-03T14:00:06Z,DARICORN - DARI | Official Lyric Video,DARICORN,22,People & Blogs,,143,hd,false,True,130180,5803,907
Fv0leN8TmR8,2025-12-07T00:00:04Z,The Boys - Final Season Teaser Trailer | Prime Video,Prime Video,24,Entertainment,"the boys, the boys season 5, the boys s5, the boys season 5 trailer, the boys season 5 teaser, the boys s5 trailer, the boys s5 teaser, the boys soldier boy, the boys homelander, the boys butcher, homelander, butcher, soldier boy, starlight, hughie, homelander vs butcher, butcher vs homelander, homelander vs soldier boy, the boys final season, the boys final season trailer, antony starr, karl urban, jensen ackles, erin moriarty, jack quaid, karen fukuhara, chace crawford",121,hd,true,True,2086452,146055,8731
qF6jMw0PkKc,2025-12-05T11:32:48Z,–ù–£–ë–ò–ö –°–ê–Ø–•–ê–¢–´ 15 –°–ï–†–ò–Ø,–£–°–ê–¢–ò–ö - Roblox,20,Gaming,"—É—Å–∞—Ç–∏–∫, —É—Å–∞—Ç–∏–∫ –º–∞–π–Ω–∫—Ä–∞—Ñ—Ç, —É—Å–∞—Ç–∏–∫ —Ä–æ–±–ª–æ–∫—Å, —Ä–æ–±–ª–æ–∫—Å —É—Å–∞—Ç–∏–∫, –º–∞–π–Ω–∫—Ä–∞—Ñ—Ç —É—Å–∞—Ç–∏–∫, –Ω—É–±–∏–∫ –¥–æ—Å, —Ä–æ–±–ª–æ–∫—Å —Å–µ—Ä–∏–∞–ª, “õ–∞–∑–∞“õ—à–∞ —Ä–æ–±–ª–æ–∫—Å, “õ–∞–∑–∞“õ—à–∞ —Å–µ—Ä–∏–∞–ª —Ä–æ–±–ª–æ–∫—Å, –Ω—É–±–∏–∫ –∂”ô–Ω–µ —É—Å–∞—Ç–∏–∫, roblox, ysatik, minecraft ysatik, —É—Å–∞—Ç–∏–∫ –µ–∫—ã –¥–æ—Å, –∫–∞–∑–∞–∫—à–∞ —Å–µ—Ä–∏–∞–ª, –∫–∞–∑–∞–∫—à–∞ –ø—Ä–∏–∫–æ–ª —Ä–æ–±–ª–æ–∫—Å, —É—Å–∞—Ä–∏–∫, —É—Å—Ç–∞—Ç–∏–∫, —Ä–æ–±–ª–æ–∫—Å –∫–∞–∑–∞–∫—à–∞, –Ω—É–±–∏–∫ –¥–æ—Å —Ä–æ–±–ª–æ–∫—Å, –µ–∫—ã –¥–æ—Å, —Å–µ—Ä–∏–∞–ª–¥–∞—Ä —Ä–æ–±–ª–æ–∫—Å",530,hd,false,True,195364,5705,430
6IPYS_68Dzw,2025-12-03T13:41:12Z,Jylama janym (Yeski Taspa),Kazybek Kuraiysh - Topic,10,Music,"Kazybek Kuraiysh, Jylama janym/A√Ωylym (Yeski Taspa), Jylama janym (Yeski Taspa)",233,hd,false,True,85435,1127,20
XRRnP91SSrQ,2025-12-05T16:00:21Z,Welcome Home | Poppy Playtime Chapter 5 Cinematic Trailer,Mob Entertainment,20,Gaming,,58,hd,true,True,2230963,179695,13129
emfD82tkEKo,2025-12-01T11:37:40Z,99-–∫“Ø–Ω –æ—Ä–º–∞–Ω–¥–∞ –¢–æ–π –∂–∞—Å–∞–¥—ã“õ | –ë“±“ì—ã–Ω—ã —à–∞“õ—ã—Ä–º–∞–¥—ã“õ!,AJIuKZ,20,Gaming,"AJluKZ, –ê–õ–ò–ö–ó, AJIuKZ, alikz, –ê–ª–∏ –∫–∑, –†–æ–±–ª–æ–∫—Å –∞–ª–∏–∫–∑, –ê–ª–∏–∫–∑ —Ö–æ—Ä—Ä–æ—Ä, –ê–ª–∏–∫–∑ –≤–∏–¥–µ–æ–ª–∞—Ä—ã, –ê–ª–∏–∫ –∫–∑ —á–µ–ª–ª–µ–Ω–¥–∂, –ö–∞–∑–∞–∫—à–∞ –≤–∏–¥–µ–æ, “ö–∞–∑–∞“õ—à–∞ –≤–∏–¥–µ–æ, –§–§ –∞–ª–∏–∫–∑, –ê–ª–∏–∫–∑ —Ñ–∏—Ñ–∞, –ê–ª–∏ –∫–∑ –≤–∏–¥–µ–æ, –ú–∞–π–Ω–∫—Ä–∞—Ñ—Ç, –ê–ª–∏–∫–∑ –ú–∞–π–Ω–∫—Ä–∞—Ñ—Ç, –ê–ª–∏–∫ –∫–∑ “õ–∞–∑–∞“õ—à–∞, –ê–ª–∏–∫, –ê–ª–∏–∫ –∫–∑ –∫–∞–Ω–∞–ª, –ê–ª–∏–∫–∑ —é—Ç—É–±, “ö–∞–∑–∞“õ—à–∞ –æ–π—ã–Ω–¥–∞—Ä, –ö–∞–∑–∞–∫—à–∞ –æ–π—ã–Ω, –∫–∞–∑–∞–∫—à–∞ –º—É–ª—å—Ç—Ñ–∏–ª—å–º, “ö–∞–∑–∞“õ—à–∞ –µ—Ä—Ç–µ–≥—ñ–ª–µ—Ä",1974,hd,false,True,403545,12452,1278
vHwdkUrtuGU,2025-11-25T08:58:46Z,–°–æ–ª –±—ñ—Ä —Å–µ–∑—ñ–º,Syrym Isabaev - Topic,10,Music,"Syrym Isabaev, –°–æ–ª –±—ñ—Ä —Å–µ–∑—ñ–º",155,hd,false,True,399449,3002,0
eLWlhMAIxXk,2025-12-05T15:02:55Z,–°–≠–ú–ú–ò –ú–ï–ù–Ü –ë–†–ï–ô–ù–†–û–¢–¢–ê–† –°–ê–¢–ê–¢–´–ù –î“Æ–ö–ï–ù–ì–ï –ê–ü–ê–†–î–´ ! Steal a Brainrot ! –ë–†–ï–ô–ù–†–û–¢ –†–û–ë–õ–û–ö–°!,MILLER PLAY,22,People & Blogs,,1228,hd,false,True,103566,7569,118
vd8o25lRY3A,2025-11-29T09:01:30Z,"Jakone, Kiliana - –ñ–∏–≥–∞–Ω—Å–∫–∞—è (official video)",GOLDEN SOUND,10,Music,,148,hd,false,True,1506537,19368,370
dP7MIzupkjM,2025-12-05T14:01:14Z,"üò±–ë“∞“í–´“í–ê –ê–π–Ω–∞–ª—ã–ø –û—Ä–º–∞–Ω–¥–∞ 99 –¢“Æ–ù ”®–º—ñ—Ä –°“Ø—Ä–¥—ñ–º! –ï–®–ö–Ü, “Æ–ö–Ü–ú–ï–ù –¢”©–±–µ–ª–µ—Å—Ç—ñ–º! 99 Nights in the Forest!",PERDEBEK,20,Gaming,"–ü–µ—Ä–¥–µ–±–µ–∫—Ñ—Ñ, –ü–µ—Ä–¥–µ–±–µ–∫—Ç—ã–Ω –∫—ã–∑—ã, –ü–ï–†–î–ï–ë–ï–ö –ü–†–ê–ù–ö, –ö–ò–î–û–ö–¢–´ –ñ–ê–ó–ê–õ–ê–î–´, –ü–µ—Ä–¥–µ–±–µ–∫ –∫–∏–¥–æ–∫—Ç—ã –∂–∞–∑–ª–∞–¥—ã, –ü–µ—Ä–¥–µ–±–µ–∫ –†–æ–±–ª–æ–∫—Å, –ü–µ—Ä–¥–µ–±–µ–∫ –ë—Ä–µ–π–Ω—Ä–æ—Ç, –†–æ–±–ª–æ–∫—Å, –†–æ–±–ª–æ–∫—Å –∏–≥—Ä–∞, –†–æ–±–ª–æ–∫—Å –∫–∞–∑–∞–∫—à–∞, –ê–ª–∏–∫ –ö–∑, –ê–ª–∏–∫ –†–æ–±–ª–æ–∫—Å, –†–æ–±–ª–æ–∫—Å –æ–π—ã–Ω, –†–æ–±–ª–æ–∫—Å –°–∏–º—É–ª—è—Ç–æ—Ä, –ü–µ—Ä–¥–µ–±–µ–∫ –°–∏–º—É–ª—è—Ç–æ—Ä, –ü–µ—Ä–¥–µ–±–µ–∫ –≤–∏–¥–µ–æ, –ü–µ—Ä–¥–µ–±–µ–∫ –†–æ–±–ª–æ–∫—Å –≤–∏–¥–µ–æ, –ö–∞–∑–∞–∫—à–∞ —Ä–æ–±–ª–æ–∫—Å, –°—ç–º–º–∏, –£–∫—Ä–∞–¥–∏ –ë—Ä–µ–π–Ω—Ä–æ—Ç, –ö–∞–∑–∞–∫—à–∞ –ë—Ä–µ–π–Ω—Ä–æ—Ç, –°—ç–º–º–∏ –ü–µ—Ä–¥–µ–±–µ–∫, –ü–µ—Ä–¥–µ–±–µ–∫ –£–∫—Ä–∞–¥–∏ –ë—Ä–µ–π–Ω—Ä–æ—Ç, –°—ç–º–º–∏ –ë—Ä–µ–π–Ω—Ä–æ—Ç, –£–∫—Ä–∞–¥–∏ –ë—Ä–µ–π–Ω—Ä–æ—Ç –ö–∞–∑–∞–∫—à–∞, –ù–æ–Ω–∏ –∫–∑ —Ä–æ–±–ª–æ–∫—Å, –î–æ—Å—ã–º–∂–∞–Ω —Ä–æ–±–ª–æ–∫—Å, –ü–µ—Ä–¥–µ–±–µ–∫ —Ä–æ–±–ª–æ–∫—Å",1438,hd,false,True,111194,5100,245
kTeGucfvGs8,2025-11-27T10:03:21Z,–ñ–æ“ì–∞–ª—Ç—Ç—ã–º,Duman - Topic,10,Music,"Duman, –ñ–æ“ì–∞–ª—Ç—Ç—ã–º",186,hd,false,True,164479,1006,32
BOKvuHoQoH0,2025-11-30T10:42:23Z,–ñ–ê“¢–ê –ñ–´–õ 1 –°–ï–†–ò–Ø,–£–°–ê–¢–ò–ö,20,Gaming,"—É—Å–∞—Ç–∏–∫ –º–∞–π–Ω–∫—Ä–∞—Ñ—Ç, –º–∞–π–Ω–∫—Ä–∞—Ñ—Ç, –º–∞–π–Ω–∫—Ä–∞—Ñ—Ç —É—Å–∞—Ç–∏–∫, —É—Å–∞—Ç–∏–∫ –µ–∫—ã –¥–æ—Å, –µ–∫—ã –¥–æ—Å, —Å–µ—Ä–∏–∞–ª –º–∞–π–Ω–∫—Ä–∞—Ñ—Ç, —É—Å–∞—Ç–∏–∫ —Å–µ—Ä–∏–∞–ª, –Ω—É–±–∏–∫ –¥–æ—Å, –Ω—É–±–∏–∫ –¥–æ—Å –º–∞–π–Ω–∫—Ä–∞—Ñ—Ç, –∫–∞–∑–∞–∫—à–∞ –º–∞–π–Ω–∫—Ä–∞—Ñ—Ç, –º–∞–π–Ω–∫—Ä–∞—Ñ—Ç –∫–∞–∑–∞–∫—à–∞, —É—Å—Ç–∞—Ç–∏–∫, —É—Å–∞—Ä–∏–∫, –∫–∞–∑–∞–∫—à–∞ —Å–µ—Ä–∏–∞–ª, –º–∞–π–Ω–∫—Ä–∞—Ñ—Ç –∞–Ω–∏–º–∞—Ü–∏—è, –∫–∞–∑–∞–∫—à–∞ –ø—Ä–∏–∫–æ–ª –º–∞–π–Ω–∫—Ä–∞—Ñ—Ç, —Å–µ—Ä–∏–∞–ª–¥–∞—Ä –º–∞–π–Ω–∫—Ä–∞—Ñ—Ç, minecraft ysatik, ysatik",624,hd,false,True,258389,6903,477
P81wa5-LSsA,2025-12-06T11:00:07Z,”ò–¥—ñ–ª–µ—Ç –ñ–∞—É“ì–∞—à–∞—Ä & –ó–∞—Ä–∏–Ω–∞ –û–º–∞—Ä–æ–≤–∞ - –ñ–∞–Ω –≥“Ø–ª—ñ–º,Adilet Jaygashar,22,People & Blogs,"–∞–¥–∏–ª–µ—Ç, –∞–¥–∏–ª–µ—Ç –∂–∞—É–≥–∞—à–∞—Ä, –∞–¥–∏–ª–µ—Ç –∂–∞—É–≥–∞—à–∞—Ä–æ–≤, ”ô–¥—ñ–ª–µ—Ç, ”ô–¥—ñ–ª–µ—Ç –∂–∞—É“ì–∞—à–∞—Ä, –∂–∞“£–∞ ”ô–Ω–¥–µ—Ä, —Ö–∏—Ç 2023, “õ–∞–∑–∞“õ—à–∞ ”ô–Ω, –∫–∞–∑–∞–∫—à–∞ –∞–Ω, —Ö–∏—Ç –∞–Ω–¥–µ—Ä, —Ö–∏—Ç ”ô–Ω–¥–µ—Ä, –º—É–∑—ã–∫–∞, –∫–∞–∑–∞–∫—à–∞ –∞–Ω–¥–µ—Ä, “õ–∞–∑–∞“õ—à–∞ ”ô–Ω–¥–µ—Ä, –∫–∞–∑–∞–∫—à–∞ –∞–Ω–¥–µ—Ä 2023, “õ–∞–∑–∞“õ—à–∞ ”ô–Ω–¥–µ—Ä 2023",185,hd,false,True,40545,1390,166
vRhRRa-J7ZM,2025-12-06T12:20:02Z,–¢–£–ù–ì –¢–£–ù–ì –°–ê–•–£–† –ú–ê–ù–Ø–¨–ö –•–ê–¢ “ö–ê–õ–î–´–†–î–´ ‚òÄ –ú–µ–∫—Ç–µ–ø –æ“õ–∏“ì–∞—Å—ã,SEGA KZ,20,Gaming,"–ñ–û–ù–ò, –∫–∞—Å–æ–π, –¥–∂–æ–Ω–∏ –æ–∫–∏–≥–∞—Å—ã, –≥—Ç–∞ 5 –∫–∞–∑–∞–∫—à–∞, –≥—Ç–∞ 5 —Å–æ—Ç–∫–∞, —Ñ—Ä–∏—Ñ–∞–µ—Ä –∫–∞–∑–∞–∫—à–∞, —Å–∫–∏–ª —Ç–µ—Å—Ç –∫–∑, –∫–∞–∑–∞–∫—à–∞ —Å–∫–∏–ª—Ç–µ—Å—Ç, –Ω—É—Ä—á–µ–Ω–ª, –¥–∂–æ–Ω–Ω–∏, –¥–∂–∞–º–±–æ, —Å–µ–≥–∞, “õ–∞–∑–∞“õ—à–∞ –≥—Ç–∞, “õ–∞–∑–∞“õ—à–∞ –ª–µ—Ç—Å–ø–ª–µ–π, “õ–∞–∑–∞“õ—à–∞ kz, –¥–∂–æ–Ω–∏ –ø–æ–ª–∏—Ü–∏—è, –∂–æ–ª –ø–æ–ª–∏—Ü–∏—è—Å—ã –∂–æ–Ω–∏, —Å–µ–∫—Ä–µ—Ç—Ç–µ—Ä –≥—Ç–∞, gta —Ç—Ä—é–∫, –∫–∏–Ω–æ –≥—Ç–∞, –∫–∞–∑–∞–∫—à–∞ –≥—Ç–∞, –∂–æ–ª –ø–æ–ª–∏—Ü–∏—Å—è –≥—Ç–∞, –≥—Ç–∞ 5 –ø–æ–ª–∏—Ü–∏—è –∫–∞–∑–∞–∫—à–∞, –∫–∞–∑–∞–∫—à–∞ –æ–π—ã–Ω–¥–∞—Ä, “õ–∞–∑–∞“õ—à–∞ –≤–∏–¥–µ–æ–ª–∞—Ä, —Å–∞–ª–ª–∏ play, dako kz, –º–µ–∫—Ç–µ–ø –æ–∫–∏–≥–∞—Å—ã, –º–µ–∫—Ç–µ–ø –æ“õ–∏“ì–∞—Å—ã, —Å—É–ø–µ—Ä–≥–µ—Ä–æ–π, —Ö–æ—Ä—Ä–æ—Ä, –º–æ—Ä—Ç–∞–ª –∫–æ–º–±–∞—Ç, —Ñ—Ñ, —Ñ—Ä–∏ —Ñ–∞–µ—Ä, –º–µ–∫—Ç–µ–ø, —Å–µ–≥–∞–∫–∑, —Å–µ–≥–∞–∫–∑ 2, –º–µ–∫—Ç–µ–ø —Å—Ç—Ä–µ–ª–∫–∞—Å—ã",941,hd,false,True,82270,4503,732
HUQbiWEyr_8,2025-11-29T22:00:17Z,–ú–∞–≥–∏—Å—Ç—Ä–∞–ª–∏,TARA202 - Topic,10,Music,"TARA202, –ú–∞–≥–∏—Å—Ç—Ä–∞–ª–∏",213,hd,false,True,189360,1060,6
P18cGGdUAl0,2025-12-05T18:15:38Z,–ó–ê–ô–ß–ò–ö 5 –≠–ü–ò–ó–û–î –ù–ê–ö–û–ù–ï–¶ –í–´–®–ï–õ –ò –≠–¢–û –û–§–ò–ì–ï–ù–ù–û! ‚û≤ Tiny Bunny 5 –≠–ø–∏–∑–æ–¥!,windy31,24,Entertainment,,3082,hd,false,True,1030947,72913,6494
gYtbT8du-3Y,2025-11-29T14:00:06Z,"–î–∞–Ω–∞ –ö–µ–Ω—Ç–∞–π ‚Äî –¢—ã–º –±–æ–ª–º–∞—Å–∞ (Cover) ”ò–Ω—ñ, —Å”©–∑—ñ: –ê. –ü–µ—Ä–¥–µ—à–æ–≤",Dana Kentai,10,Music,"–î–∞–Ω–∞ –ö–µ–Ω—Ç–∞–π, –ê–π–∂–∞–Ω —Å–µ—Ä–∏–∞–ª—ã, –∫–∞–∑–∞—Ö–∏, —Ç–æ—Ä–µ–≥–∞–ª–∏, –±–∞—è–Ω –µ—Å–µ–Ω—Ç–∞–µ–≤–∞, –∞–π–¥–∞–Ω–∞ –º–µ–¥–µ–Ω–æ–≤–∞, –∫–∞–∑–∞–∫—à–∞, –∫–∞–∑–∞—Ö—Å—Ç–∞–Ω —ç—Å—Ç—Ä–∞–¥–∞, –∞—Å—Ç–∞–Ω–∞, –∞–ª–º–∞—Ç—ã, –∫–∞–∑–∞–∫—à–∞ ”ô–Ω–¥–µ—Ä—ñ, “õ–∞–∑–∞“õ—à–∞ ”ô–Ω–¥–µ—Ä, “õ–∞–∑–∞“õ—Å—Ç–∞–Ω ”ô–Ω–¥–µ—Ä, –±–∏–ª–µ “õ–∞–∑–∞“õ—Å—Ç–∞–Ω, —Ç–æ–π ”ô–Ω–¥–µ—Ä—ñ, “õ–∞–∑–∞“õ—à–∞ —Ö–∏—Ç—Ç–µ—Ä 2016, 91, ninety one, –∂–∞–Ω–∞—Ä –¥—É–≥–∞–ª–æ–≤–∞, –∂–∞“£–∞ —Ö–∏—Ç—Ç–µ—Ä 2017, “õ–∞–∑–∞“õ—à–∞ ”ô–Ω",176,hd,false,True,85859,1258,291
0KRBFJVkvHg,2025-12-02T05:00:01Z,–§–õ–ê–ô–ï–°–¢–Ü –¢–ê–°–¢–ê–ü –°–≠–ú–ú–ò–ì–ï –¢“∞–†–ú–´–°“ö–ê –®–´“ö–¢–´–úüíçüò± –ï–ù–î–Ü –°–≠–ú–ú–ò –ú–ï–ù–Ü–ö–Ü ‚ù§Ô∏è –ê–ú–ê–Ø SAMMY –£–ö–†–ê–î–ò –ë–†–ï–ô–ù–†–û–¢ | ROBLOX,AMAYA #2,20,Gaming,"–£–ö–†–ê–î–ò –ë–†–ï–ô–ù–†–û–¢, –†–û–ë–õ–û–ö–°, –°–≠–ú–ú–ò, –ê–ú–ê–Ø, ROBLOX, SAMMY, “ö–ê–ó–ê“ö–®–ê",940,hd,false,True,145896,7145,1392
5HOLORQohEk,2025-12-02T15:00:06Z,Nurbullin & Kairat Nurtas - Qalauyn bolsyn | Official Mood Video,Nurbullin,24,Entertainment,"–ù“±—Ä–±–æ–ª–∞—Ç –ê–±–¥—É–ª–ª–∏–Ω, –ù—É—Ä–±–æ–ª–∞—Ç, Nurbullin, Nurboalt Abdullin, –ê–±–¥—É–ª–∏–Ω, –ù—É—Ä–±—É–ª–∏–Ω, –ù—É—Ä–±—É–ª–ª–∏–Ω, “õ–∞–∑–∞“õ—à–∞ ”ô–Ω–¥–µ—Ä, —Ö–∏—Ç, Nurbulin, Nyrbolat, Abdulin, hit ander, —Ö–∏—Ç ”ô–Ω–¥–µ—Ä, –ö–∞–π—Ä–∞—Ç –ù—É—Ä—Ç–∞—Å, “ö–∞–π—Ä–∞—Ç –ù“±—Ä—Ç–∞—Å, KN, Kairat Nurtas, qalauyn bolsyn, kalauin bolsin, “õ–∞–ª–∞—É—ã–Ω –±–æ–ª—Å—ã–Ω, –∫–∞–ª–∞—É—ã–Ω –±–æ–ª—Å—ã–Ω",216,hd,false,True,62183,1132,191
wvdocUdPpK4,2025-12-05T08:01:22Z,üò±–Ø –ù–∞—à—ë–ª –ó–∞–±—Ä–æ—à–µ–Ω–Ω—ã–µ –ë–ê–ó–´ –ò–ì–†–û–ö–û–í Steal a Brainrot! –°–¢–†–ê–®–ù–ê–Ø –ú–ò–°–¢–ò–ö–ê –ê–ö–ö–ê–£–ù–¢–û–í –†–û–ë–õ–û–ö–°..,FixEye - –†–æ–±–ª–æ–∫—Å,20,Gaming,"—Ñ–∏–∫—Å–∞–π, fixeye, roblox, —Ä–æ–±–ª–æ–∫—Å, –ø—Ä–æ–∫–∞—á–∞–ª–∏ –º–µ–º—ã, steal a brainrot, steal a brainrot –ø—Ä–æ—Ö–æ–∂–¥–µ–Ω–∏–µ, —Å–µ–∫—Ä–µ—Ç—ã steal a brainrot, –∫–∞–∫ —Å—Ç–∞—Ç—å –±–æ–≥–∞—Ç—ã–º –≤ steal a brainrot, –∑–∞–±—Ä–æ—à–µ–Ω–Ω—ã–µ –±–∞–∑—ã –∏–≥—Ä–æ–∫–æ–≤, –∑–∞–±—Ä–æ—à–µ–Ω–Ω—ã–µ –±–∞–∑—ã, –∑–∞–±—Ä–æ—à–µ–Ω–Ω—ã–µ –∞–∫–∫–∞—É–Ω—Ç—ã, –∑–∞–±—Ä–æ—à–µ–Ω–Ω—ã–µ –∞–∫–∫–∞—É–Ω—Ç—ã steal a brainrot",1000,hd,false,True,730650,15757,2691
fkBynQ1fcjE,2025-11-30T14:00:07Z,–®–∞—Ö –ê—Ç–∞–∂–∞–Ω–æ–≤ - –°–∞—è / Shax Atajanov - Saya (Official mood video),–®–∞—Ö –ê—Ç–∞–∂–∞–Ω–æ–≤,22,People & Blogs,,217,hd,false,True,254799,9195,10043
oOPhFcs9Eh0,2025-12-05T09:04:03Z,üò±–ù–ê–ß–ê–õ –° –ù–£–õ–Ø –Ω–æ —Å –°–ê–ù–¢–ê –ú–ê–ì–ê–ó–ò–ù–û–ú! –ù–æ–≤–æ–≥–æ–¥–Ω—è—è 1000√ó –£–î–ê–ß–ê –≤ Steal a Brainrot!,EroxBlox,20,Gaming,,917,hd,false,True,538828,18092,2296
533tdFNT9Lk,2025-11-29T10:02:36Z,”®–∑—ñ“£ “ì–∞–Ω–∞,Bagym Muhitdenova - Topic,10,Music,"Bagym Muhitdenova, –ë–∞“ì–¥–∞—Ç –°–µ–π—Ç, ”®–∑—ñ“£ “ì–∞–Ω–∞",182,hd,false,True,62199,314,0
lHFGLMwkDgA,2025-12-05T05:01:05Z,"“ö—ã–ª—Ç—ã“£–¥–∞“ì–∞–Ω “õ—ã–ª–º—ã—Å–∫–µ—Ä–ª–µ—Ä, –î–∂–æ–Ω–Ω–∏–¥—ñ —ã–∑–∞–ª–∞–Ω–¥—ã—Ä–¥—ã (GTA V)",NurChannel,20,Gaming,"GTA V “ö–∞–∑–∞“õ—à–∞, GTA 5 –∫–∞–∑–∞–∫—à–∞, –≥—Ç–∞ 5 –∫–∞–∑–∞–∫—à–∞, –≥—Ç–∞ 5 –æ–π—ã–Ω—ã, “õ–∞–∑–∞“õ—à–∞ –ª–µ—Ç—Å–ø–ª–µ–π, –∫–∞–∑–∞–∫—à–∞ –ª–µ—Ç—Å–ø–ª–µ–π, –∫–∞–∑–∞–∫—à–∞ –æ–π—ã–Ω–¥–∞—Ä, “õ–∞–∑–∞“õ—à–∞ –≤–∏–¥–µ–æ–ª–∞—Ä, –≥—Ç–∞ 5 “õ–∞–∑–∞“õ—à–∞ –∫–∏–Ω–æ, –≥—Ç–∞ 5 –æ–Ω–ª–∞–π–Ω –∫–∞–∑–∞–∫—à–∞, –≥—Ç–∞ 5 online –∫–∞–∑–∞–∫—à–∞, “õ–∞–∑–∞“õ—à–∞ –º–æ–¥—Ç–∞—Ä, –≥—Ç–∞ 5 “õ–∞–∑–∞“õ—à–∞ –º–æ–¥—Ç–∞—Ä, gta 5 –∫–∞–∑–∞–∫—à–∞ –º–æ–¥—Ç–∞—Ä, –∫–∑ –æ–π—ã–Ω–¥–∞—Ä, “õ–∞–∑–∞“õ—à–∞ –∫–∞–Ω–∞–ª, “õ–∞–∑–∞“õ—à–∞ –º–∏—Ñ—Ç–µ—Ä, –≥—Ç–∞ 5 “õ“±–ø–∏—è–ª–∞—Ä, “õ–∞—Ç–µ–ª—ñ–∫—Ç–µ—Ä, –ù—É—Ä—á–µ–Ω–ª –≥—Ç–∞ 5, –î–∂–æ–Ω–Ω–∏ –≥—Ç–∞ 5, –ù—É—Ä—á–∞–Ω–Ω–µ–ª, Nurchannel, –ù—É—Ä—á–µ–Ω–ª –î–∂–æ–Ω–Ω–∏, –î–∂–æ–Ω–Ω–∏–¥—ã–Ω –æ–∫–∏–≥–∞—Å—ã, –û“õ–∏“ì–∞, –ö–∞—Å–æ–π, –ù—É—Ä—á–µ–Ω–ª, –ù—É—Ä—á–µ–Ω–ª —Ñ—Ä–∏ —Ñ–∞–µ—Ä, —Ñ—Ä–∏ —Ñ–∞–µ—Ä, –î–∂–æ–Ω–Ω–∏, –∂–æ–Ω–∏, gta5",1300,hd,false,True,102945,2152,152
9z1y8NSsXLA,2025-12-01T10:02:21Z,“ö–∞–ª–∞—É—ã“£ –±–æ–ª—Å—ã–Ω,Kairat Nurtas - Topic,10,Music,"Nurbullin, Kairat Nurtas, “ö–∞–ª–∞—É—ã“£ –±–æ–ª—Å—ã–Ω",213,hd,false,True,87550,1252,87
zC6esJTMp4M,2025-12-01T14:01:46Z,"–ü–û–ó–í–ê–õ –û–õ–ï–ù–Ø –ù–ê –û–ë–ï–î, –ê –û–ù –í–ù–ê–¢–£–†–ï –õ–Æ–î–û–ï–î! üò± –ü–†–ê–ó–î–ù–ò–ß–ù–´–ô –£–ñ–ò–ù –í 99 –ù–û–ß–ï–ô –í –õ–ï–°–£!",Holy Baam,23,Comedy,"holy baam, –ª–µ–æ–Ω–∏–¥ —Ñ–æ—Ä–æ—Å—Ç–æ–≤, —Ö–æ–ª–∏ –±–∞–º, —Ö–æ–ª–∏ –±–∞–∞–º, —Ö–æ–ª–∏–±–∞–º, holybaam, holybam, shorts",1248,hd,false,True,761233,36072,1399
6UdZ9BxoXkA,2025-11-30T15:00:06Z,Bagym Muhitdenova & Bagdat Seit - ”®–∑—ñ“£ “ì–∞–Ω–∞ | Official MV,–ë–∞“ì–¥–∞—Ç –°–µ–∏—Ç,22,People & Blogs,"–ë–∞“ì–¥–∞—Ç –°–µ–π—Ç, –ë–∞“ì—ã–º –ú—É—Ö–∏—Ç–¥–µ–Ω–æ–≤–∞, ”®–∑—ñ“£ “ì–∞–Ω–∞, –û–∑–∏–Ω –≥–∞–Ω–∞, –ë–∞–≥–¥–∞—Ç –°–µ–∏—Ç, Bagdat Seit, Bagym Muhitdenova",180,hd,false,False,55893,1012,160
L9F2ihnD_NM,2025-12-05T07:11:09Z,99 –ö“Æ–ù –ò–ù–î–Æ–ö–¢–Ü“¢ “Æ–ô–Ü–ù–î–ï ”®–ú–Ü–† –°“Æ–†–ï–ú–Ü–óüòÆüòÆ\99–Ω–æ—á–µ–π –≤ –ª–µ—Å—É,Zhukonay_games,20,Gaming,"–∂—É–∫–æ–Ω–∞–π, –∏–≥—Ä—ã, —Ä–æ–±–ª–æ–∫—Å, –∏–≥—Ä–∞, 99 –Ω–æ—á–µ–π –≤ –ª–µ—Å—É, –∫–æ–º–∞–Ω–¥–∞, –∏–≥—Ä–∞ –Ω–∞ –¥–≤–æ–∏—Ö, –∞–ª–∏–∫ –∫–∑, 99, –∂—É–∫–æ–Ω–∞–π –µ–∫—ñ–Ω—à—ñ –∫–∞–Ω–∞–ª, –∂—É–∫–æ–Ω–∞–π 99, –∂—É–∫–æ–Ω–∞–π –≥–µ–π–º—Å",956,hd,false,True,71819,1551,206
8HGCrLYYqNM,2025-11-27T19:29:54Z,”ò–¥–µ–º—ñ,AI ”ò–Ω—à—ñ - Topic,10,Music,"AI ”ò–Ω—à—ñ, ”ò–¥–µ–º—ñ",266,hd,false,True,49717,298,6
ICrzoacRrU0,2025-11-30T13:30:21Z,ü•§–ü–û–õ - –≠–¢–û –ö–û–õ–ê!üò± –í–´–ñ–ò–í–ò –ß–ï–õ–õ–ï–ù–î–ñ –í –ú–ê–ô–ù–ö–†–ê–§–¢!,–í–õ–ê–î–£–°,20,Gaming,"–í–ª–∞–¥—É—Å, Vladus, –º–∞–π–Ω–∫—Ä–∞—Ñ—Ç, minecraft, –∫–æ–ª–∞ –º–∞–π–Ω–∫—Ä–∞—Ñ—Ç, –≥–∏–≥–∞–Ω—Ç—Å–∫–∞—è –∫–æ–ª–∞ –º–∞–π–Ω–∫—Ä–∞—Ñ—Ç, –ø–æ—Ç–æ–ø –∫–æ–ª–æ–π –º–∞–π–Ω–∫—Ä–∞—Ñ—Ç, –∑–∞—Ç–æ–ø–∏–ª–æ –º–∞–π–Ω–∫—Ä–∞—Ñ—Ç, –±—É—Ç—ã–ª–∫–∞ –∫–æ–ª—ã –º–∞–π–Ω–∫—Ä–∞—Ñ—Ç, –≥–∏–≥–∞ –±—É—Ç—ã–ª–∫–∞ –º–∞–π–Ω–∫—Ä–∞—Ñ—Ç, –ø–ª–∞–Ω–µ—Ç–∞ –∫–æ–ª–∞ –º–∞–π–Ω–∫—Ä–∞—Ñ—Ç, –º–∞–π–Ω–∫—Ä–∞—Ñ—Ç –ø—Ä–∏–∫–ª—é—á–µ–Ω–∏—è, –≤–ª–∞–¥—É—Å, –ª–µ–Ω—è, –≤–ª–∞–¥—É—Å –º–∞–π–Ω–∫—Ä–∞—Ñ—Ç, –ª–µ–Ω—è –º–∞–π–Ω–∫—Ä–∞—Ñ—Ç, –≤–ª–∞–¥—É—Å –∏ –ª–µ–Ω—è, –¥–µ—Ç—Å–∫–∏–π –º–∞–π–Ω–∫—Ä–∞—Ñ—Ç, —Å–º–µ—à–Ω–æ–π –º–∞–π–Ω–∫—Ä–∞—Ñ—Ç, –≤—ã–∂–∏–≤–∞–Ω–∏–µ –º–∞–π–Ω–∫—Ä–∞—Ñ—Ç, –ø–æ—Ç–æ–ø –º–∞–π–Ω–∫—Ä–∞—Ñ—Ç, –æ–≥—Ä–æ–º–Ω–∞—è –∫–æ–ª–∞ –º–∞–π–Ω–∫—Ä–∞—Ñ—Ç, –±–µ–¥—Ä–æ–∫ –∫–æ–ª–∞ –º–∞–π–Ω–∫—Ä–∞—Ñ—Ç, —Å–æ–¥–∞ –º–∞–π–Ω–∫—Ä–∞—Ñ—Ç, –∑–∞—Ç–æ–ø–ª–µ–Ω–∏–µ –º–∞–π–Ω–∫—Ä–∞—Ñ—Ç",939,hd,false,True,902314,30214,1250
uDf7F685HpA,2025-11-30T10:01:26Z,Chill,Sadraddin - Topic,10,Music,"Sadraddin, Chill",122,hd,false,True,48203,1000,44
162uFtXAQRE,2025-12-04T13:05:02Z,–•–ï–ô–¢–ï–†–®–ê –ü–û–°–°–û–†–ò–õ–ê –ù–ê–° –° –õ–ï–ù–û–ô –Ω–∞ –°–µ—Ä–≤–µ—Ä–µ –≤ –ú–∞–π–Ω–∫—Ä–∞—Ñ—Ç...,Domer Grief,20,Gaming,"minecraft, domer, –º–∞–π–Ω–∫—Ä–∞—Ñ—Ç, –¥–æ–º–µ—Ä –¥–µ–≤—É—à–∫–∞, –¥–æ–º–µ—Ä –ª–µ–Ω–∞, –≤ –º–∞–π–Ω–∫—Ä–∞—Ñ—Ç–µ, —Ç—Ä–æ–ª–∏–Ω–≥, –•–ï–ô–¢–ï–†–®–ê –ü–û–°–°–û–†–ò–õ–ê –ù–ê–° –° –õ–ï–ù–û–ô –Ω–∞ –°–µ—Ä–≤–µ—Ä–µ –≤ –ú–∞–π–Ω–∫—Ä–∞—Ñ—Ç, reallyworld, –¥–æ–º–µ—Ä, domer grief, –¥–æ–º–µ—Ä –≥—Ä–∏—Ñ, —Ä–∏–ª–∏ –≤–æ—Ä–ª–¥, –º–∞–π–Ω–∫—Ä–∞—Ñ—Ç —Å–µ—Ä–≤–µ—Ä, —Å–µ—Ä–≤–µ—Ä –º–∞–π–Ω–∫—Ä–∞—Ñ—Ç, —Ä–∏–ª–∏–∫, —Å–µ—Ä–≤–µ—Ä –¥–ª—è –¥–µ–≤—É—à–µ–∫ –º–∞–π–Ω–∫—Ä–∞—Ñ—Ç, –¥–µ–≤–æ—á–∫–∞ –º–∞–π–Ω–∫—Ä–∞—Ñ—Ç, –¥–µ–≤—É—à–∫–∞ –º–∞–π–Ω–∫—Ä–∞—Ñ—Ç, –¥–µ–≤—É—à–∫–∞ –¥–æ–º–µ—Ä–∞, –¥–æ–º–µ—Ä –∑–∞—Ö–æ–∂—É –Ω–∞ —Å–µ—Ä–≤–µ—Ä–∞, –¥–æ–º–µ—Ä —Å –¥–µ–≤—É—à–∫–æ–π, —Å–µ—Ä–≤–µ—Ä —Ö–µ–π—Ç–µ—Ä–æ–≤ –¥–æ–º–µ—Ä–∞, —Å—É–º–∞—Å—à–µ–¥—à–∞—è —Ñ–∞–Ω–∞—Ç–∫–∞, –∞–ª–∏–Ω–∞ —Ö–µ–π—Ç–µ—Ä—à–∞, —Ö–µ–π—Ç–µ—Ä—à–∞ –∞–ª–∏–Ω–∞, –¥–æ–º–µ—Ä —Å–µ—Ä–≤–µ—Ä —Ö–µ–π—Ç–µ—Ä–∞, —Ö–µ–π—Ç–µ—Ä—à–∞, –¥–æ–º–µ—Ä –ª–µ–Ω–æ—á–∫–∞",1377,hd,false,True,958587,54437,8533
QRPjNvpUwl0,2025-11-24T15:00:07Z,IL‚ÄôHAN - Beru kerek pe? | Official Music Video,IL'HAN IHSAN,24,Entertainment,"Ilhan, –º–µ–Ω—ñ –∫“Ø–Ω–¥–µ –∫”©—Ä—É, –Ω–µ–≥–µ –∞—Ä–º–∞–Ω, 2023, 2024, –≤–∏–¥–µ–æ, —Ö–∏—Ç, —Ç–æ–π–¥—É–º–∞–Ω, –≥–∞–∫–∫—É, –Ω–∞–π–Ω—Ç–∏ —É–∞–Ω, –∫–∞–π—Ä–∞—Ç –Ω—É—Ä—Ç–∞—Å, —Å–∞–¥—Ä–∞–¥–¥–∏–Ω, —Å–∞–¥—Ä, –∫–∞—Ä–∞–∫–µ—Å–µ–∫, —Ä–∞–π–º, –º–∏—Ä–∞—Å –∂—É–≥—É–Ω—É—Å–æ–≤, –∂—É—Ä–µ–∫, —Ç—É—Ä–∞—Ä, –∫–∞–ª–∏—Ñ–∞—Ä–Ω–∏—è, –∫–∞–Ω–∞–π, –º–∞—Ö–∞–±–±–∞—Ç—ã–º, –±–µ—Ä—É –∫–µ—Ä–µ–∫ –ø–µ, –∂—É—Ä–µ–∫–∫–µ, –µ—Ä–∫–∏–Ω–¥–∏–∫, –∏–ª—å—Ö–∞–Ω –±–µ—Ä—É –∫–µ—Ä–µ–∫ –ø–µ, beru kerek pe, jurek, jurekke, erkindik, ”©–∑ –±–∞—Å—ã–º, –∏–ª—å—Ö–∞, –±–∏—Ä –∞–π–¥–∞, –±—ñ—Ä –∞–π–¥–∞, –∏–ª—Ö–∞–Ω",177,hd,false,True,216485,5134,312
Q0DqpfX1ufI,2025-12-04T05:00:37Z,–ë–Ü–ó –û–ô–´–ù–ù–ê–ù –®–´“ö“ö–ê–ù–ù–ê–ù –ö–ï–ô–Ü–ù –ë–†–ï–ô–ù–†–û–¢–¢–ê–† –ù–ï –Ü–°–¢–ï–ô–î–Ü? | –£–∫—Ä–∞–¥–∏—Ç–µ –≤ –ë—Ä–µ–π–Ω—Ä–æ—Ç | Roblox,Mr Zhans,22,People & Blogs,,897,hd,false,True,80269,4756,261
VxiDwLuB60Y,2025-12-02T14:00:07Z,Gulmira Izbaskhan - Taten Mas [Official M/V],Gulmira Izbaskhan,22,People & Blogs,,169,hd,false,True,43195,572,69
Av7C5_ANz0k,2025-11-30T16:03:45Z,–§–†–ê–ù–ö–õ–ò–ù “ö–ê–õ–ê–î–ê“í–´ –ï“¢ –î”ò–£–ì–ï –ê–ô–ù–ê–õ–î–´ (GTA V),–ê—è–Ω—á–∏–∫ KZ,20,Gaming,"–∞—è–Ω—á–∏–∫, –∞—è–Ω –∫–∑, –∞—è–Ω—á–∏–∫ –∫–∑, –∞—è–Ω—á–∏–∫–∫–∑, –Ω—É—Ä—á–µ–Ω–ª, –∂–æ–Ω–∏–¥—ã–Ω –æ–∫–∏–≥–∞—Å—ã, –∞—è–Ω—à–∏–∫, –∞—è–Ω—á–∏–∫ –¥–∂–æ–Ω–Ω–∏, nurchannel, –∂–æ–Ω–∏, –≥—Ç–∞ 5, –≥—Ç–∞ 5 –∫–∞–∑–∞–∫—à–∞, –¥–∂–æ–Ω–Ω–∏ –≥—Ç–∞ 5, –∞–ª–∏–∫ –∫–∑, gta, “õ–∞–∑–∞“õ—à–∞, –¥–∂–æ–Ω–∏, —Ñ—Ä–∞–Ω–∫–ª–∏–Ω –∫–∞–∑–∞–∫—à–∞, —Ñ—Ä–∞–Ω–∫–ª–∏–Ω –º–µ–Ω –±–∞–ª–∞, —Ñ—Ä–∞–Ω–∫–ª–∏–Ω –≥—Ç–∞ 5, —Ñ—Ä–∞–Ω–∫–ª–∏–Ω, —Ñ—Ä–∞–Ω–∫–ª–∏–Ω “õ–∞–∑–∞“õ—à–∞, —Ñ—Ä–∞–Ω–∫–ª–∏–Ω –±–∞–π, —Ñ—Ä–∞–Ω–∫–ª–∏–Ω –∞—è–Ω—á–∏–∫, –¥–∂–æ–Ω–∏–¥—ã–Ω –æ–∫–∏–≥–∞—Å—ã, –∂–æ–Ω–∏–¥—ã“£ –æ“õ–∏“ì–∞—Å—ã, —Ñ—Ä–∞–Ω–∫–ª–∏–Ω —Ñ—Ä–∞–Ω–∫–ª–∏–Ω, —Ñ—Ä–∞–Ω–∫–ª–∏–Ω –¥–∂–æ–Ω–Ω–∏, —Ñ—Ä–∞–Ω–∫–ª–∏–Ω –∑–æ–º–±–∏, —Ñ—Ä–∞–Ω–∫–ª–∏–Ω —Ñ—Ä–∞–Ω–∫–ª–∏–Ω —Ñ—Ä–∞–Ω–∫–ª–∏–Ω, —Ñ—Ä–∞–Ω–∫–ª–∏–Ω —Ö–∞–ª–∫, —Ñ—Ä–∞–Ω–∫–ª–∏–Ω —Ç—ã“ì—ã–ª—ã—Å–ø–∞“õ, —Ñ—Ä–∞–Ω–∫–ª–∏–Ω –∏–≥—Ä–∞ –≤ –∫–∞–ª—å–º–∞—Ä–∞, —Ñ—Ä–∞–Ω–∫–ª–∏–Ω –æ–∫–∏–≥–∞—Å—ã, —Ñ—Ä–∞–Ω–∫–ª–µ–Ω",1090,hd,false,True,167842,3299,30
NPt_L4J69tI,2025-11-28T14:00:36Z,–ê—Å—ã–ª –∞“ì–∞–º,–ê–π–±–µ–∫ “ö–∞–π–±—É–ª–ª–∞ - Topic,10,Music,"–ê–π–±–µ–∫ “ö–∞–π–±—É–ª–ª–∞, –ê—Å—ã–ª –∞“ì–∞–º",176,hd,false,True,34302,181,13
9KQ53CPVRHQ,2025-12-05T12:36:34Z,–ú–∞“ì–∞–Ω —Å“±–º–¥—ã“õ –ë—Ä–µ–π–Ω—Ä–æ—Ç—Ç–∞—Ä —Ç“Ø—Å—Ç—ñ | –ï“£ “õ—ã–º–±–∞—Ç “õ–∞–ª–∞“ì–∞ –∞–π–Ω–∞–ª–¥—ã!,AJIuKZ #2,20,Gaming,,2275,hd,false,True,80502,2500,273
SanVK5jqmg8,2025-12-02T04:08:39Z,DARICORN - DARI | –ü—Ä–µ–º—å–µ—Ä–∞ –ø–µ—Å–Ω–∏ #daricorn,TURAN MEDIA,10,Music,"2024 —Ö–∏—Ç –º—É–∑—ã–∫–∞ –∫–∞–∑–∞–∫—à–∞, DARICORN, Erezhe, turan media, –ü–µ—Å–Ω–∏ –Ω–∞ –∫–∞–∑–∞—Ö—Å–∫–æ–º, –∫–∞–∑–∞–∫—à–∞ –∞–Ω–¥–µ—Ä 2024 —Ö–∏—Ç, –∫–∞–∑–∞–∫—à–∞ –º—É–∑—ã–∫–∞, –∫–∞–∑–∞—Ö—Å–∫–∏–µ –ø–µ—Å–Ω–∏, –∫–∞–∑–∞—Ö—Å–∫–∏–µ –ø–µ—Å–Ω–∏ 2024, –∫–∞–∑–∞—Ö—Å–∫–∏–µ —Ö–∏—Ç—ã, –∫–∞–∑–∞—Ö—Å–∫–∏–µ —Ö–∏—Ç—ã 2024, –º—É–∑—ã–∫–∞, –º—É–∑—ã–∫–∞ 2023, –º—É–∑—ã–∫–∞ 2024 –∫–∞–∑–∞–∫—à–∞, –º—É–∑—ã–∫–∞ 2024 –∫–∞–∑–∞–∫—à–∞ —Ö–∏—Ç, –º—É–∑—ã–∫–∞ –∫–∞–∑–∞",145,hd,false,True,52911,720,83
e5uX67KCEnQ,2025-12-02T12:20:49Z,üò± –£–ö–†–ê–î–ò –õ–Å–ù–Æ –í STEAL A BRAINROT –í –†–û–ë–õ–û–ö–°!,–í–õ–ê–î–£–° –ò–ì–†–ê–ï–¢,20,Gaming,"—Ä–æ–±–ª–æ–∫—Å, roblox, —É–∫—Ä–∞–¥–∏ –±—Ä–µ–π–Ω—Ä–æ—Ç–∞, steal a brainrot, –±—Ä–µ–π–Ω—Ä–æ—Ç —Ä–æ–±–ª–æ–∫—Å, steal brainrot roblox, —É–∫—Ä–∞—Å—Ç—å –±—Ä–µ–π–Ω—Ä–æ—Ç–∞ —Ä–æ–±–ª–æ–∫—Å, –±—Ä–µ–π–Ω—Ä–æ—Ç –∏–≥—Ä–∞, —Ä–æ–±–ª–æ–∫—Å –±—Ä–µ–π–Ω—Ä–æ—Ç—ã, roblox brainrot, –≤–ª–∞–¥—É—Å, –ª–µ–Ω—è, –≤–ª–∞–¥—É—Å —Ä–æ–±–ª–æ–∫—Å, –ª–µ–Ω—è —Ä–æ–±–ª–æ–∫—Å, –≤–ª–∞–¥—É—Å –∏ –ª–µ–Ω—è, –±—Ä–µ–π–Ω—Ä–æ—Ç –≤–ª–∞–¥—É—Å, –±—Ä–µ–π–Ω—Ä–æ—Ç –ª–µ–Ω—è, –∫—Ä–∞–¥—É –±—Ä–µ–π–Ω—Ä–æ—Ç–æ–≤ —Ä–æ–±–ª–æ–∫—Å, —Ä–æ–±–ª–æ–∫—Å —Ä–µ–∂–∏–º, —Å–º–µ—à–Ω–æ–π —Ä–æ–±–ª–æ–∫—Å, roblox funny, roblox –¥–ª—è –¥–µ—Ç–µ–π, –¥–µ—Ç—Å–∫–∏–π —Ä–æ–±–ª–æ–∫—Å, roblox –ø—Ä–∏–∫–ª—é—á–µ–Ω–∏—è, roblox –º–∏–Ω–∏ –∏–≥—Ä—ã, —É–∫—Ä–∞–ª–∏ –±—Ä–µ–π–Ω—Ä–æ—Ç–∞ —Ä–æ–±–ª–æ–∫—Å, —É–∫—Ä–∞–¥–∏ brainrot",1094,hd,false,True,640261,13897,1391
kpv46Phe_Mw,2025-12-05T09:00:03Z,–ö–ª–∞–≤–∞ –ö–æ–∫–∞ - –°–ü–õ–ï–¢–ù–ò. –®–£–ú. –õ–£–ö.  (–ö–ª–∏–ø 2025),–ö–ª–∞–≤–∞ –ö–æ–∫–∞,10,Music,"–∫–ª–∏–ø, –∫–ª–∞–≤–∞ –∫–æ–∫–∞, –ë–∞—Å—Ç–∞, –ö—Å–µ–Ω–∏—è –°–æ–±—á–∞–∫, –î–∏–º–∞ –ë–∏–ª–∞–Ω, –í–∞–Ω—è –î–º–∏—Ç—Ä–∏–µ–Ω–∫–æ, –ë—É—Å—Ç–µ—Ä, –ë—Ä–∞—Ç–∏—à–∫–∏–Ω, deepins, Satyr, Exile, Frame Tamer, –ï–ì–û–†–ò–ö, –ü—Ä–æ—Ö–æ—Ä –®–∞–ª—è–ø–∏–Ω, –ê–ª–µ–∫—Å–µ–π –ñ–∏–¥–∫–æ–≤—Å–∫–∏–π, –ê–Ω—Ç–æ–Ω –®–∞—Å—Ç—É–Ω, –ö—É–∫–æ—è–∫–∞, nkeeei, –ú–û–¢, DILARA, –ò–ª—å—è –ö—É—Ä—É—á, –î–∂–∞—Ä–∞—Ö–æ–≤, –ì–æ—à–∞ –ö–∞—Ä—Ü–µ–≤, –õ–∞—Ä–∏—Å–∞ –î–æ–ª–∏–Ω–∞, MARGO, –ö—Ä–∞–π–º–±—Ä–µ—Ä–∏, –ö–∞–≥—Ä–∞–º–∞–Ω–æ–≤, –ö—Ä–∞–≤–µ—Ü, Lovv66, –ú–∞—à –ú–∏–ª–∞—à, –ü–µ—Ä–µ—Å–∏–ª—å–¥, Pokrov, –¢–†–ê–í–ú–ê, JONY, –ì–ê–í–†–ò–õ–ò–ù–ê, Tenderlybae, –î–∂–∏–≥–∞–Ω, –¢–æ–¥–æ—Ä–µ–Ω–∫–æ, –ë–∞—Å–∫–æ–≤, –û–ª–µ–≥ –ú–∞–π–∞–º–∏, Rakhim, SERYABKINA, Artik&Asti, –†–µ–≤–≤–∞, –ö—É—Ä—É—á, –ö–∞—Ä—Ü–µ–≤, –©–µ—Ä–±–∞–∫–æ–≤–∞, klava koka, –°–ü–õ–ï–¢–ù–ò, –î–∏–º–∞–ú–∞—Å–ª–µ–Ω–Ω–∏–∫–æ–≤",132,hd,false,True,403983,10641,1273
Gbd7Jf2xbzY,2025-12-01T08:00:31Z,–ë“∞–õ –ó–û–ú–ë–ò –ê–ü–û–ö–ê–õ–ò–ü–°–ò–°–¢–ê–ù “ö–û–†“í–ê–ô–¢–´–ù –ï“¢ –ú–´“ö–¢–´ –ë–£–ù–ö–ï–† “õ–∞–∑–∞“õ—à–∞ –º–∞–π–Ω–∫—Ä–∞—Ñ—Ç –∫–∞–∑–∞–∫—à–∞ –¥–µ–π–ª–∏–Ω,–î–µ–π–ª–∏–Ω –ö–ó,20,Gaming,"–Ω—É–± –ø–µ–Ω –ø—Ä–æ –∫–∞–∑–∞–∫—à–∞, –Ω—É—Ä–ª–∞–Ω –∫–∞–ª–∞–º, –¥–µ–π–ª–∏–Ω –∫–∑, “õ–∞–∑–∞“õ—à–∞ –º–∞–π–Ω–∫—Ä–∞—Ñ—Ç –∫–∞–∑–∞–∫—à–∞, —Å–∫–∞–π–±–ª–æ–∫, –∞–π—à—É–∞–∫, –∫–∞–∑–∞–∫—à–∞ —Å–∫–∞–π–±–ª–æ–∫, –¥–µ–π–ª–∏–Ω, –¥–µ–π–ª–∏–Ω —Å–∫–∞–π–±–ª–æ–∫—Ç—ã –±“±–∑–¥—ã, “õ–∞–∑–∞“õ—à–∞ –º–∞–π–Ω–∫—Ä–∞—Ñ—Ç –≤—ã–∂–∏–≤–∞–Ω–∏–µ, –∞–π—à—É–∞–∫ –º–∞–π–Ω–∫—Ä–∞—Ñ—Ç, “õ–∞–∑–∞“õ—à–∞ –º–∞–π–Ω–∫—Ä–∞—Ñ—Ç —Å…ô–ª–µ–º –∫”©—Ä—à—ñ, “õ–∞–∑–∞“õ—à–∞ –º–∞–π–Ω–∫—Ä–∞—Ñ—Ç –º—É–ª—å—Ç—Ñ–∏–ª—å–º, “õ–∞–∑–∞“õ—à–∞ –≥—Ç–∞ 5 –∞–ª–∏–∫ –∫–∑, “õ–∞–∑–∞“õ—à–∞ –≥—Ç–∞ 5 –æ–Ω–ª–∞–π–Ω, —Ç—ã“ì—ã–ª—ã—Å–ø–∞“õ –¥–æ—Å—Ç–∞—Ä—ã–º–º–µ–Ω, –î–µ–π–ª–∏–Ω –º–∞–π–Ω–∫—Ä–∞—Ñ—Ç, –î–µ–π–ª–∏–Ω KZ, –î–µ–π–ª–∏–Ω –ö–ó, –¥–µ–π–ª–∏–Ω –∫–∑ –ø—Ä–∞–Ω–∫, –¥–µ–π–ª–∏–Ω –∫–∑ –æ“õ—É—à—ã ”©–º—ñ—Ä—ñ, –¥–µ–π–ª–∏–Ω —Ä–æ–±–ª–æ–∫—Å, –¥–µ–π–ª–∏–Ω —Å–∫–∞–π–±–ª–æ–∫, –¥–µ–π–ª–∏–Ω –±—ñ—Ä –±–ª–æ–∫, –¥–µ–π–ª–∏–Ω –≤—ã–∂–∏–≤–∞–Ω–∏–µ, –¥–∏–ª–∏–Ω, –¥–µ–ª–∏–Ω",1438,hd,false,True,123413,4215,336
JI6uk9AoTi0,2025-12-04T14:10:50Z,Unaidy Janym,–ê—Ä–º–∞–Ω –°–µ–π—Ç–∂–∞–ø–ø–∞—Ä - Topic,10,Music,"–ê—Ä–º–∞–Ω –°–µ–π—Ç–∂–∞–ø–ø–∞—Ä, Unaidy Janym",150,hd,false,True,21794,386,0
IB26H2ktsgc,2025-12-03T16:52:23Z,–§–†–ê–ù–ö–õ–ò–ù –¢–ï–ú–Ü–† –ê–î–ê–ú“í–ê “Æ–ô –°–û“í–´–ü –ë–ï–†–î–Ü (GTA V),AYANCHIKKZ,20,Gaming,"–∞—è–Ω—á–∏–∫, –∞—è–Ω –∫–∑, –∞—è–Ω—á–∏–∫ –∫–∑, –∞—è–Ω—á–∏–∫–∫–∑, –Ω—É—Ä—á–µ–Ω–ª, –∂–æ–Ω–∏–¥—ã–Ω –æ–∫–∏–≥–∞—Å—ã, –∞—è–Ω—à–∏–∫, –∞—è–Ω—á–∏–∫ –¥–∂–æ–Ω–Ω–∏, nurchannel, –∂–æ–Ω–∏, –≥—Ç–∞ 5, –≥—Ç–∞ 5 –∫–∞–∑–∞–∫—à–∞, –¥–∂–æ–Ω–Ω–∏ –≥—Ç–∞ 5, –∞–ª–∏–∫ –∫–∑, gta, “õ–∞–∑–∞“õ—à–∞, –¥–∂–æ–Ω–∏, —Ñ—Ä–∞–Ω–∫–ª–∏–Ω –∫–∞–∑–∞–∫—à–∞, —Ñ—Ä–∞–Ω–∫–ª–∏–Ω –º–µ–Ω –±–∞–ª–∞, —Ñ—Ä–∞–Ω–∫–ª–∏–Ω –≥—Ç–∞ 5, —Ñ—Ä–∞–Ω–∫–ª–∏–Ω, —Ñ—Ä–∞–Ω–∫–ª–∏–Ω “õ–∞–∑–∞“õ—à–∞, —Ñ—Ä–∞–Ω–∫–ª–∏–Ω –±–∞–π, —Ñ—Ä–∞–Ω–∫–ª–∏–Ω –∞—è–Ω—á–∏–∫, –¥–∂–æ–Ω–∏–¥—ã–Ω –æ–∫–∏–≥–∞—Å—ã, –∂–æ–Ω–∏–¥—ã“£ –æ“õ–∏“ì–∞—Å—ã, —Ñ—Ä–∞–Ω–∫–ª–∏–Ω —Ñ—Ä–∞–Ω–∫–ª–∏–Ω, —Ñ—Ä–∞–Ω–∫–ª–∏–Ω –¥–∂–æ–Ω–Ω–∏, —Ñ—Ä–∞–Ω–∫–ª–∏–Ω –∑–æ–º–±–∏, —Ñ—Ä–∞–Ω–∫–ª–∏–Ω —Ñ—Ä–∞–Ω–∫–ª–∏–Ω —Ñ—Ä–∞–Ω–∫–ª–∏–Ω, —Ñ—Ä–∞–Ω–∫–ª–∏–Ω —Ö–∞–ª–∫, —Ñ—Ä–∞–Ω–∫–ª–∏–Ω —Ç—ã“ì—ã–ª—ã—Å–ø–∞“õ, —Ñ—Ä–∞–Ω–∫–ª–∏–Ω –∏–≥—Ä–∞ –≤ –∫–∞–ª—å–º–∞—Ä–∞, —Ñ—Ä–∞–Ω–∫–ª–∏–Ω –æ–∫–∏–≥–∞—Å—ã, —Ñ—Ä–∞–Ω–∫–ª–µ–Ω",839,hd,false,True,110772,3120,58
