video_id,published_at,title,channel_title,category_name,tags,duration,definition,caption_available,licensed_content,views,likes,comments
nIiszsYlaz8,2025-11-28 17:01:32+00:00,"TONI STORARO - DAI PARI / –¢–û–ù–ò –°–¢–û–†–ê–†–û - –î–ê–ô –ü–ê–†–ò | Official 4K Video, 2025",Storaro Music,Music,"toni storaro dai pari, toni storaro, —Ç–æ–Ω–∏ —Å—Ç–æ—Ä–∞—Ä–æ –¥–∞–π –ø–∞—Ä–∏, —Ç–æ–Ω–∏ —Å—Ç–æ—Ä–∞—Ä–æ, –¥–∞–π –ø–∞—Ä–∏, –¥–∞–∏ –ø–∞—Ä–∏, dai pari, day pari, toni dai, —Ç–æ–Ω–∏ –¥–∞–π",218,hd,False,True,1256209,18010,407
Fv0leN8TmR8,2025-12-07 00:00:04+00:00,The Boys - Final Season Teaser Trailer | Prime Video,Prime Video,Entertainment,"the boys, the boys season 5, the boys s5, the boys season 5 trailer, the boys season 5 teaser, the boys s5 trailer, the boys s5 teaser, the boys soldier boy, the boys homelander, the boys butcher, homelander, butcher, soldier boy, starlight, hughie, homelander vs butcher, butcher vs homelander, homelander vs soldier boy, the boys final season, the boys final season trailer, antony starr, karl urban, jensen ackles, erin moriarty, jack quaid, karen fukuhara, chace crawford",121,hd,True,True,5107672,254045,13797
IDG75Wffcyk,2025-12-06 08:00:32+00:00,–ü–†–ï–î–ò–ó–í–ò–ö–ê–• –ö–†–ò–°–ö–ê–¢–ê –ù–ê –ù–ê–ô-–û–ü–ê–°–ù–û–¢–û –°–™–°–¢–ï–ó–ê–ù–ò–ï!,Alpha Alex,Gaming,"–ê–ª–µ–∫—Å –Ω–æ–≤ –∫–∞–Ω–∞–ª, –ê–ª–µ–∫—Å –ö—Ä–∏—Å–∫–∞—Ç–∞, –ê–ª–µ–∫—Å –≥–µ–π–º–∏–Ω–≥, Alex, Alex channel, Alex Kriskata, Alex Minecraft, Alex kriskata prank, Alex Fortnite, –∞–ª–µ–∫—Å –ø—Ä–∞–Ω–∫ –∫—Ä–∏—Å–∫–∞—Ç–∞, –∞–ª–µ–∫—Å –º–∞–π–Ω–∫—Ä–∞—Ñ—Ç, –∞–ª–µ–∫—Å –≥–µ–π–º–∏–Ω–≥ –∫—Ä–∏—Å–∫–∞—Ç–∞",1587,hd,False,True,74913,1994,205
MJObRwQEL_c,2025-12-04 15:57:11+00:00,–ì–∞–±—Ä–∏–µ–ª–∞ ft. –ú–µ–¥–∏ - –ì–∞–±—Ä–∏–µ–ª–∞ | Gabriella ft. Medi - Gabriella,MEGA STAR,Music,"–≥–∞–±—Ä–∏–µ–ª–∞, –ì–∞–±—Ä–∏–µ–ª–∞, gabriela, gabriella, Gabriela, Gabriella, gabriella medi, medi gabriella, –º–µ–¥–∏ –≥–∞–±—Ä–∏–µ–ª–∞, –≥–∞–±—Ä–∏–µ–ª–∞ –º–µ–¥–∏, –≥–∞–±—Ä–∏–µ–ª–∞ –º–µ–¥–∏ –≥–∞–±—Ä–∏–µ–ª–∞, medi gabriela",144,hd,False,True,198679,5869,152
ZcE00xT88a0,2025-12-06 10:44:20+00:00,–¢–£–¢–£–†–£–¢–ö–ê - –ï–π –ê–π (Ei Ai) Trailer Official,Tuturutka,Comedy,"tuturutka, tytyrytka, sketch, laugh, humour, funny, show, comedian, official, satire, entertainment, atanaskaviharova, ivancheshmegiev, vencikutsarov, milenminkov, vasilvasilev, svetlozarstoyanov, —Ç—É—Ç—É—Ä—É—Ç–∫–∞, —Å–∫–µ—á, —Å–º—è—Ö, —Ö—É–º–æ—Ä, –º–∞–π—Ç–∞–ø, –∫–æ–º–∏—Ü–∏, –∫–æ–º–µ–¥–∏—è, —à–æ—É–º–µ–Ω, —Å–∞—Ç–∏—Ä–∞, –∑–∞–±–∞–≤–∞, –∞—Ç–∞–Ω–∞—Å–∫–∞–≤–∏—Ö—ä—Ä–æ–≤–∞, –∏–≤–∞–Ω—á–µ—à–º–µ–¥–∂–∏–µ–≤, –≤–µ–Ω—Ü–∏–∫—É—Ü–∞—Ä–æ–≤, –º–∏–ª–µ–Ω–º–∏–Ω–∫–æ–≤, –≤–∞—Å–∏–ª–≤–∞—Å–∏–ª–µ–≤, —Å–≤–µ—Ç–ª–æ–∑–∞—Ä—Å—Ç–æ—è–Ω–æ–≤, –æ—Ñ–∏—à—ä–ª, ai, –µ–π–∞–π, –∏–∑–∫—É—Å—Ç–≤–µ–Ω, –∏–Ω—Ç–µ–ª–µ–∫—Ç, —á–µ–Ω–≥–µ, –ø–æ–ª–∏—Ü–∞–π, –ø—Ä–æ–≤–µ—Ä–∫–∞",42,hd,False,True,6479,132,3
l06K02RsjY8,2025-12-05 15:57:25+00:00,–ü–†–û–ú–™–ö–ù–ê–• –°–ï –ù–ê –ö–û–õ–ï–î–ê –í –ö–™–©–ê–¢–ê –ù–ê –ì–†–ê–ù–ò | –ì–û–õ–Ø–ú–ê –ì–†–ï–®–ö–ê!,Andy PlayZ GameZ,Gaming,"andy playz gamez, andy, playz, gamez, andy playz, playz gamez, games, plays games, andy plays games, andi studio, andy studio, andi, studio, –∞–Ω–¥–∏ —Å—Ç—É–¥–∏–æ, –∞–Ω–¥–∏, –¥–∞–Ω–∏, –∞–Ω–¥–∏ –ø–ª–µ–π–∑, –ø–ª–µ–π–∑, –≥–µ–π–º–∏–Ω–≥, gaming, video games, –≤–∏–¥–µ–æ –∏–≥—Ä–∏, —Ñ–æ—Ä—Ç–Ω–∞–π—Ç, –º–∞–π–Ω–∫—Ä–∞—Ñ—Ç, fortnite, minecraft, play, –∏–≥—Ä–∞, –∏–≥—Ä–∏, –∏–≥—Ä–∞–µ–º, –∏–≥—Ä–∞—è, –≥–µ–π–º–ø–ª–µ–π, gameplay, andy plays gaming, –∞–Ω–¥–∏ plays games, andy playz games, andi playz gamez, #andyplayzgamez, andyplayzgamez, andy studio gaming, andy gaming, –∞–Ω–¥–∏ gaming",1633,hd,False,True,70755,3858,626
hcMNAJ9liQE,2025-12-03 15:10:00+00:00,DESSITA x ILIAN BOYD - LYUBOV ZA PSIHOLOG | –î–ï–°–ò–¢–ê x –ò–õ–ò–Ø–ù –ë–û–ô–î - –õ–Æ–ë–û–í –ó–ê –ü–°–ò–•–û–õ–û–ì,DESSITA,Music,"–¥–µ—Å–∏—Ç–∞, dessita, desita, ilian, iliyan, boyd, boid, psiholog, lubov, lyubov",180,hd,False,True,237599,9170,788
VI6XO8EijT4,2025-12-05 20:00:28+00:00,DIGITAL CIRCUS EP 7 TRAILER!!,GLITCH,Film & Animation,"glitch, glitch productions, digital circus, the amazing digital circus, murder drones, Pomni, Uzi, Jax, Ragatha, Kinger, Gangle, Zooble, Caine, Bubble, 3D, Animation, 3D Animation, Indie Animation, Gummigoo",58,hd,True,True,6101816,523763,29607
VkK0CIgvSfw,2025-11-29 08:00:06+00:00,–ö–ê–ß–í–ê–ú–ï –°–ï –ù–ê –í–°–Ø–ö–û –í–õ–ê–ö–ß–ï –í–™–í BEASTLAND!,Andy Studio,Entertainment,"–∞–Ω–¥–∏ —Å—Ç—É–¥–∏–æ, –∞–Ω–¥–∏, —Å—Ç—É–¥–∏–æ, andy studio, andi studio, andy, studio, andi, #andystudio, #–∞–Ω–¥–∏—Å—Ç—É–¥–∏–æ, andy army, —Ç–∏–π–Ω, —Ç–∏–π–Ω–µ–π–¥–∂—ä—Ä–∏, —Ç–∏–π–Ω–µ–π–¥–∂—ä—Ä, —Å–º–µ—à–Ω–æ –≤–∏–¥–µ–æ, –∑–∞–±–∞–≤–Ω–æ –≤–∏–¥–µ–æ, –≤–ª–æ–≥, –≤–ª–æ–≥—ä—Ä, –∑–∞–±–∞–≤–Ω–æ, smeshno, –∞–Ω–¥–∏ –∏ –¥–∞–Ω–∏, –¥–∞–Ω–∏, –±—Ä–∞—Ç—è, fun, sunday habit, —Å—ä–Ω–¥–µ–π —Ö–µ–±–∏—Ç, –∏–Ω—Ñ–ª—É–µ–Ω—Å—ä—Ä, influencer, —Å–º–µ—à–Ω–æ, –∞–Ω–¥–∏ –∞—Ä–º–∏, #andistudio, –∞–Ω–¥–∏ —Å—Ç—É–¥–∏–æ —Ä–∞–∑–±–∏—Ä–∞ —Å–µ, –¥–∞–Ω–∏ –∏ –∞–Ω–¥–∏, –∞–Ω–¥–∏ –¥–∞–Ω–∏, –¥–∞–Ω–∏ –∞–Ω–¥–∏, –º—ä—Ä—á, –∞–Ω–¥–∏ —Å—Ç—É–¥–∏–æ –º—ä—Ä—á",1470,hd,False,True,186420,7216,1153
2VGOdOPqQl8,2025-12-01 16:27:39+00:00,–ê–ù–î–û–ù - –ü–†–û–°–Ø–ö / ANDON - PROSYAK (Official Video) 2025,ANDON MUSIC,Music,"4alga, 4–∞–ª–≥–∞, alpha music, andon, andon99, andonov, azis, chalga, chalga parti, chalga party, fen tv, fyre, galena, grycko, hitove, hitove 2025, hitove bg, kalendara, medi, neshto da ti kaja, painer, payner, pickpukk, planeta, pop folk, prosyak, telefona, trf, trii me, v:rgo, vasil an",175,hd,False,True,137301,7440,694
XRRnP91SSrQ,2025-12-05 16:00:21+00:00,Welcome Home | Poppy Playtime Chapter 5 Cinematic Trailer,Mob Entertainment,Gaming,,58,hd,True,True,2698345,197370,14421
NJQnuqXBILM,2025-12-06 09:00:42+00:00,Œ†ŒëŒôŒñŒüŒ•ŒúŒï STEAL A BRAINROT Œ£Œ§Œü Œ£Œ†ŒôŒ§Œô ŒúŒëŒ£!,GL SHOW - GL ARMY,Entertainment,"dimon, GL SHOW, CHALLENGE, stas, Œ¥ŒπŒ±Œ≥œâŒΩŒπœÉŒºŒøŒπ, œÑœÉŒ±ŒªŒµŒΩœÑŒ∂, rafario, Œ≥Œª œÉŒ∑ŒøœÇ, Œ≥Œª œÉŒøŒøœÖ, œÑŒ∂Œπ ŒµŒª œÉŒøŒøœÖ, œÑŒ∂Œπ ŒµŒª Œ±œÅŒºŒπ, œÑŒ∂Œπ ŒµŒª Œ±œÅŒºœÖ, gl show german, gl show italian, gl show french, gl show russian, gl show spanish, gl show portuguese, gl show polish, gl show english, gl show swedish, gl show dutch, gl show czech, gl show arabic, gl show deutsch",675,hd,False,True,234980,5475,85
-dDhkS49voU,2025-12-06 15:00:06+00:00,NASYO CHERNIA X FURY X STEFANI - PARA PARA / –ü–ê–†–ê –ü–ê–†–ê [OFFICIAL 2025 VIDEO],Nasyo Chernia,Music,"bg drill, bg hip hop, bg hits, bg rap, bg reggaeton, bg trap, bg trap 2025, bobkata, bobo, bobo armani, chernia, cherniya, fury, fyre, hip hop, hitove, hitove 2025, maala, marso, mbt, mufasa 069, murda, murda boys, murda boyz, murdaboyz, muzika, nasio, naso, nasyo, nasyo cherniya, pam",181,hd,False,True,70531,3965,148
Eln66CJHna8,2025-11-29 19:24:34+00:00,Fortnite Battle Royale Chapter Seven: Pacific Break | Cinematic Trailer,Fortnite,Gaming,yt:cc=on,98,hd,False,True,1221419,47040,3530
vUXVEHOW1Qg,2025-12-06 12:30:06+00:00,–ï–ö–°–¢–†–ï–ú–ù–ê–¢–ê –ì–†–ê–ù–ò –§–ò–õ–ú–™–¢ - Granny (Extreme),Haralambi Dobrev,Gaming,"hari, haralambi dobrev, hari dobrev, afaf, afaf1, afaf1bg, —Ö–∞—Ä–∏, —Ö–∞—Ä–∞–ª–∞–º–±–∏ –¥–æ–±—Ä–µ–≤, —Ö–∞—Ä–∏ –¥–æ–±—Ä–µ–≤, –∞—Ñ–∞—Ñ, –∞—Ñ–∞—Ñ1, –∞—Ñ–∞—Ñ1–±–≥, bulgarian, –±—ä–ª–≥–∞—Ä—Å–∫–∏, horror, scary, horror game, scary game, strashna igra, horror igra, —Å—Ç—Ä–∞—à–Ω–∞ –∏–≥—Ä–∞, —Ö–æ—Ä—Ä–æ—Ä –∏–≥—Ä–∞, gameplay, granny, –≥—Ä–∞–Ω–∏, —Å–ª–µ–Ω–¥—Ä–∏–Ω–∞, slendrina, granny 1, –≥—Ä–∞–Ω–∏ 1, grani, granny extreme, granny ending, granny extreme ending, extreme granny, ekstremnata grani, granny movie, grani film",2446,hd,False,True,29158,2225,136
Po7kehxFKpw,2025-11-25 16:00:42+00:00,PAMECA x GARJOKA 681 - WHISKY COCA COLA [OFFICIAL 2025 VIDEO],PAMECA Official,Music,"bg hip hop, bg hits 2025, bg music, bg muzika, bg rap, bg trap 2025, bobkata, boro purvi, coca cola, dimoff, drill, fyre, gocata, gocata kangal, hitove, hitove 2025, kartela, marso, mom4eto, murda boyz, pam pam, pameca, pameca murda, panamera flow, pepe shitz, rap, shunaka, tr, trap",182,hd,False,True,576725,12801,952
IaEtA56pd_w,2025-12-05 20:48:18+00:00,Iron Lung: Final Trailer,Markiplier,Gaming,"markiplier, iron lung, iron lung movie, official trailer, movie trailer, iron lung trailer 3, final trailer, iron lung release date, iron lung markiplier, Caroline Kaplan, troy baker",105,hd,False,False,3047983,411182,19427
KgsTBDRttPg,2025-12-06 14:00:39+00:00,I Got Hunted By the Minecraft LAW,Wemmbu,Gaming,"wemmbu, flamefrags, unstable smp, wemmbu vs flamefrags, wemmbu unstable smp, wemmbu farlands, minecraft farlands, wemmbu minecraft, wemmbu orbital cannon, orbital strike cannon, unstable universe, wemmbu unstable universe, weembu, wembu, wemmbu dead, How I DIED on a Hardcore Minecraft SMP, wemmbu flamefrags, 2 Minecraft Pros VS 1000 Players, parrotx2, spokeishere, wemmbu prisoner, wemmbu prison, lettucek, wemmbu lettucek, wemmbu law, wemmbu escape",4688,hd,False,True,3568793,187704,18995
EaVeiKVPCFc,2025-12-02 16:00:25+00:00,V:RGO - PROSTO VIKTOR [Official Video],V:RGO,Music,"4alga, 4–∞–ª–≥–∞, atanas kolev, bg rap, bg trap, bobkata, boro, boro purvi, chalga, dim4ou, emil trf, fire, fyre, marso, mbt, mishell, mom4eto, murda, murda boyz, pop folk, prosto viktor, raz dva tri, sauce kid 4, sauce kids gang, saucekidsgang, skg, trf, virgo, vrgo, –±–≥ —Ä–∞–ø, –±–≥ —Ç—Ä–∞–ø, –±–æ–±–∫",170,hd,True,True,107989,6180,1901
9c-DrMe8o5Q,2025-11-12 17:00:17+00:00,The Devil Wears Prada 2 | Teaser Trailer,20th Century Studios,Film & Animation,Trailer,52,hd,False,True,7493465,148082,5087
wvtjHZ9thpM,2025-12-06 07:00:57+00:00,–°–¢–ê–í–ê–ú –ù–ê–ô-–õ–û–®–ò–Ø–¢ –°–£–ü–ï–†–ì–ï–†–û–ô –ó–ê 24 –ß–ê–°–ê! | BATMAN ARKHAM KNIGHT,Kriskata,Gaming,"–∫—Ä–∏—Å–∫–∞—Ç–∞, kriskata, –∫—Ä–∏—Å, kris, kriskata gaming, –∫—Ä–∏—Å–∫–∞—Ç–∞ –≥–µ–π–º–∏–Ω–≥, –∫—Ä–∏—Å–∫–∞—Ç–∞ –≤–∏–¥–µ–∞, –∫—Ä–∏—Å–∫–∞—Ç–∞ –º–∞–π–Ω–∫—Ä–∞—Ñ—Ç, –∫—Ä–∏–º—Å–∫–∞—Ç–∞, kriskata Minecraft, –∫—Ä–∏—Å–∫–∞—Ç–∞ —Ä–æ–±–ª–æ–∫—Å, kriskata roblox, kriskata productions, –∫—Ä–∏—Å–∫–∞—Ç–∞ –ø—Ä–æ–¥—É–∫—à—ä–Ω—Å",1149,hd,False,True,29170,1401,82
Y9AXKgqGwN4,2025-11-27 21:00:07+00:00,BLOK3 - KUSURA BAKMA (Official Music Video),Blok3,Music,"blok3, blok, hakan, aydƒ±n, blok3 kusura, blok3 bakma, blok3 kusura bakma, hako, blok kusura, blok bakma, blok kusura bakma, kusura bakma, kusura, bakma, Senden ge√ßemiyorum ben h√¢l√¢, √∂zledim ama s√∂yleyemiyorum, Her detayƒ±n aklƒ±mda, unutmam asla, √áok i√ßtim √∂n√ºm√º g√∂remiyorum, Ama allah var seni √ßok √∂zledim, Daha dur anlatma, doluyor g√∂zlerim, Yalanƒ±m yok, yalanƒ±m yok, Sensiz beni bende sevmedim, ben hala, √∂zledim, ama s√∂yleyemiyorum, senden ge√ßemiyorum, mundo, m√ºzik",174,hd,False,False,21373048,396682,30208
NQypHE9_Fm4,2025-11-05 05:02:37+00:00,Five Nights at Freddy's 2 | Official Trailer 2,Universal Pictures,Entertainment,,105,hd,True,True,14900344,352105,13418
F4D7uSvk6Qo,2025-12-06 16:35:50+00:00,–ö—É–ø–∏—Ö –ó–ê–õ–û–ñ–ù–ê –ö–™–©–ê - Storage Hunters Simulator,heaveNBUL Gaming,Gaming,"storage hunter, storage hunters, storage hunter simulator, heavenbul, heavenbul gaming, —Å–∫–ª–∞–¥–æ–≤–∏ –≤–æ–π–Ω–∏, —Å–∏–º—É–ª–∞—Ç–æ—Ä–∏",3829,hd,False,True,10634,870,22
3iizFMhWGi0,2025-12-01 16:00:04+00:00,BEBA x AX DAIN - MAZH PO PORUCHKA / –ë–ï–ë–ê —Ö AX DAIN - –ú–™–ñ –ü–û –ü–û–†–™–ß–ö–ê,BEBA,Music,"beba, –±–µ–±–∞, axdain, axdein, ahdain, ahdein, –∞—Ö–¥–∞–π–Ω, –∞—Ö–¥–µ–∏–Ω, –∞—Ö–¥–µ–π–Ω, –∞—Ö–¥–∞–∏–Ω, –º—ä–∂, mazh, muj, muzh, porachka, poru4ka, poruchka, pora4ka",231,hd,False,False,144128,3663,285
2W7z4SB8Vy8,2025-11-09 03:06:13+00:00,skibidi toilet: emergence | official trailer,DaFuq!?Boom!,Entertainment,"skibidi toilet, skibidi toilet emergence, skibidi emergence, skibidi toilet new series, skibidi toilet 80, skibidi explained, skibidi lore, skibidi storyline, skibidi arc, skibidi war, cameraman, tv woman, speakerman, secret agent, watchman of doom, astro toilet, astros vs alliance, alliance vs astros, Dafuqboom, unreal engine animation, skibidi universe, skibidee toilet, Skebedee, toilet skibidi, brainrot, emergence trailer, skibidi trailer, skibidi spoiler, steal a brainrot",51,hd,True,True,6518022,199755,40357
2HaDMUi0OwE,2025-12-06 13:23:28+00:00,–ü–æ–ø–∞–¥–Ω–∞—Ö –≤ –ö–∞–ø–∞–Ωüò±–ö–æ–π –µ —É–±–∏–µ—Ü—ä—Ç? Among us —Å –ø—Ä–∏—è—Ç–µ–ª–∏,xXShadowHexXx,Gaming,"–∞–Ω–¥–∏ —Å—Ç—É–¥–∏–æ, –∞–Ω–¥–∏, —Å—Ç—É–¥–∏–æ, andy studio, andi studio, andy, studio, andi, #andystudio, #–∞–Ω–¥–∏—Å—Ç—É–¥–∏–æ, andy army, —Ç–∏–π–Ω, —Ç–∏–π–Ω–µ–π–¥–∂—ä—Ä–∏, —Ç–∏–π–Ω–µ–π–¥–∂—ä—Ä, —Å–º–µ—à–Ω–æ –≤–∏–¥–µ–æ, –∑–∞–±–∞–≤–Ω–æ –≤–∏–¥–µ–æ, –≤–ª–æ–≥, –≤–ª–æ–≥—ä—Ä, –∑–∞–±–∞–≤–Ω–æ, smeshno, –∞–Ω–¥–∏ –∏ –¥–∞–Ω–∏, –¥–∞–Ω–∏, –±—Ä–∞—Ç—è, fun, sunday habit, —Å—ä–Ω–¥–µ–π —Ö–µ–±–∏—Ç, –∏–Ω—Ñ–ª—É–µ–Ω—Å—ä—Ä, influencer, —Å–º–µ—à–Ω–æ, –∞–Ω–¥–∏ –∞—Ä–º–∏, #andistudio, –∞–Ω–¥–∏ —Å—Ç—É–¥–∏–æ —Ä–∞–∑–±–∏—Ä–∞ —Å–µ, –¥–∞–Ω–∏ –∏ –∞–Ω–¥–∏, –∞–Ω–¥–∏ –¥–∞–Ω–∏, –¥–∞–Ω–∏ –∞–Ω–¥–∏, –º—ä—Ä—á, –∞–Ω–¥–∏ —Å—Ç—É–¥–∏–æ –º—ä—Ä—á, –ª–∞–≤–∞ –±–µ—ä—Ä, —Å–µ—Ä–∏–∞–ª, —Å–µ—Ä–∏–∞–ª—ä—Ç, —Å–µ—Ä–∏–∞–ª–∞, –µ–ø–∏–∑–æ–¥ 1, –µ–ø–∏–∑–æ–¥, –º–µ—Ç—Ä–æ, metro, back, to, school, back to school, —É—á–∏–ª–∏—â–µ",1651,hd,False,True,12750,901,26
2R3GDzhcrWs,2025-12-01 10:03:11+00:00,–î–∞–π –ü–∞—Ä–∏,Toni Storaro - Topic,Music,"Toni Storaro, –î–∞–π –ü–∞—Ä–∏",205,hd,False,True,148676,1661,0
VemtH44k9mE,2025-12-07 12:00:58+00:00,–ö–û–õ–ï–î–ï–ù UPDATE + ADMIN ABUSE! ROBLOX STEAL A BRAINROT,TedNotFound,Gaming,,2655,hd,False,True,7460,272,38
dFuP0VlBKms,2025-11-21 16:01:13+00:00,"MIRELA - BAMüí•BAMüí•BAM / –ú–ò–†–ï–õ–ê - –ë–ê–ú, –ë–ê–ú, –ë–ê–ú | OFFICIAL 4K VIDEO 2025",Alpha Music Bulgaria,Music,"mirela, mirela bam bam bam, mirela bam, mirela alpha, –º–∏—Ä–µ–ª–∞, –º–∏—Ä–µ–ª–∞ –±–∞–º –±–∞–º –±–∞–º, –º–∏—Ä–µ–ª–∞ –±–∞–º, –º–∏—Ä–µ–ª–∞ –∞–ª—Ñ–∞",187,hd,False,True,467966,6842,386
g5qqaZcYCRc,2025-11-28 17:15:04+00:00,–•–í–ê–ù–ê–• –ò–°–¢–ò–ù–°–ö–û –ß–£–î–û–í–ò–©–ï –í–™–í FISH IT | –ù–û–í–ê–¢–ê –†–û–ë–õ–û–ö–° –ú–ê–ù–ò–Ø!,NEgamer,Gaming,"negamer, ne gamer, ne, gamer, –Ω–µ–≥–µ–π–º—ä—Ä, –Ω–µ, –≥–µ–π–º—ä—Ä, –Ω–µ –≥–µ–π–º—ä—Ä, andy studio, andi studio, andi, andy, studio, –∞–Ω–¥–∏, —Å—Ç—É–¥–∏–æ, –∞–Ω–¥–∏ —Å—Ç—É–¥–∏–æ, –¥–∞–Ω–∏, dani, dankata, –¥–∞–Ω–∫–∞—Ç–∞, –≥–µ–π–º–∏–Ω–≥, –º–∞–π–Ω–∫—Ä–∞—Ñ—Ç, gaming, minecraft, brawl stars, brawl, stars, –∏–≥—Ä–∞—è, –∏–≥—Ä–∏, –Ω–æ, –±—Ä–∞—Ç, brat",1572,hd,False,True,58816,2937,151
gAxUo6WQKRo,2025-11-27 16:00:07+00:00,DJAANY - LELE  [Official Music Video],kartelarecords,Music,"Kartela, Records, MILIONI, DJAANY, PAMELA, MURDA, BOYZ, MBT, MARSO, BOBKATA, –ú–™–†–î–ê –ë–û–ô–ó, –ú–ë–¢, –ù–ê–ë–ò–†–ê–©–ò –ü–û–ü–£–õ–Ø–†–ù–û–°–¢, V:RGO, –ú–ê–†–°–û, –ë–û–ë–ö–ê–¢–ê, –∫–∞—Ä—Ç–µ–ª–∞, BGDRILL, DRILL, drill, grime, bgrap, bulgaria, fyre, trap, bgtrap, reggaeton, alexkartela, ayvan, –¥–∂–∞–Ω–∏, discoteca",183,hd,False,True,131344,4996,286
Oa0tqKHb4VA,2025-12-07 14:00:51+00:00,Unstable SMP: The First King,Parrot,Gaming,"Minecraft, Minecraft SMP, SMP, Minecraft Server, LifeSteal SMP, School Minecraft Server, School SMP, School Parrot, Parrot, ParrotX2, Dream SMP, TommyInnit, LifeSteal, parrot lifesteal smp, Spoke, minecraft survival, minecraft hardcore, minecraft challenge, minecraft server, HermitCraft, MumboJumbo, Grian, why i broke 100+ bedrock, Here's Why I Made 12240 Minecraft Cakes, Minecraft Hunt, LifeSteal Season 3, 1 Heart Minecraft, LifeSteal Season 4, Why I Removed the World",3568,hd,False,True,1576526,89622,10494
C1XKIAxdv40,2025-12-07 08:00:06+00:00,VENIAMIN - –ö–∞–º–∏–Ω–∞ (Kamin),VENIAMIN,Music,,130,hd,False,True,16731,2150,364
N094wmbdVUc,2025-12-07 11:00:50+00:00,–ü–æ—Å—Ç–∞–≤–∏—Ö –õ–∏ –ù–û–í –†–ï–ö–û–†–î??? - –¢—Ä–∞–Ω—Å—Ñ–æ—Ä–º –°—ä—Å—Ç–µ–∑–∞–Ω–∏—è!!!,bgmonsterX1,Gaming,"bgmonsterX1, monster, bg, bulgaria, –º–æ–Ω—Å—Ç–µ—Ä, X1, Shadow, shadowhex, shadowfox, game, —Å—ä—Å—Ç–µ–∑–∞–Ω–∏—è, –≥—Ç–∞, –≥—Ç–∞5, –æ–Ω–ª–∞–π–Ω, –≥—Ç–∞ –æ–Ω–ª–∞–π–Ω, –ù–µ –°–µ –û—Ç–∫–∞–∑–∞—Ö –ò –°–ø–µ—á–µ–ª–∏—Ö, –º–µ–≥–∞, –ú–µ–≥–∞, —Å—ä—Å—Ç–µ–∑–∞–Ω–∏–µ, —Å–º—è—Ö, –ø—Ä–æ–≤–∞–ª, —è–¥–æ—Å–≤–∞–Ω–µ, rage, fail, fun, fiveM, mega, Mega, megasgames, race, transform, –¢—Ä–∞–Ω—Å—Ñ–æ—Ä–º –°—ä—Å—Ç–µ–∑–∞–Ω–∏—è, xXShadowHexXx, Shadowfoxbg, monstera, gta, gta5, gta online, online, server, –¢—Ä–∞–Ω—Å—Ñ–æ—Ä–º, –°—ä—Å—Ç–µ–∑–∞–Ω–∏—è, –∫—ä—Å–º–µ—Ç, –ø–æ–±–µ–¥–∞, —Ä–µ–∏–¥–∂, –∫–∞—Ç–∞—Å—Ç—Ä–æ—Ñ–∏, win, –±—É—Ç–∞–Ω–µ, –±—ä—Ä–∑–∏, –ü–æ–ª—É—á–∏—Ö, gta 5 mega ramp challenge, –ü–æ–±–µ–¥–∞, –©–µ –ü–æ–¥–æ–±—Ä—è –õ–∏ –†–µ–∫–æ—Ä–¥–∞ –ó–∞ –ù–∞–π-–ú–Ω–æ–≥–æ –ü–æ—Ä–µ–¥–Ω–∏ –ü–æ–±–µ–¥–∏, vs",2014,hd,False,True,5464,411,20
ZXFdOoOULeo,2025-12-04 15:00:07+00:00,TEFO & BROTHERS STOYANOVI - PAK ELA / –¢–ï–§–û & –ë–†–ê–¢–Ø –°–¢–û–Ø–ù–û–í–ò - –ü–ê–ö –ï–õ–ê / 2026,BROTHERS STOYANOVI,Music,"tefo, brothersstoyanovi, pakela, 2026, hit, ednaistoriya",244,hd,False,True,51510,1733,39
S-LMSpzlnc0,2025-12-07 15:44:41+00:00,Race Highlights | 2025 Abu Dhabi Grand Prix,FORMULA 1,Sports,"F1, Formula One, Formula 1, Sports, Sport, Action, GP, Grand Prix, Auto Racing, Motor Racing, abu dhabi, f1 2025 championship",503,hd,False,True,2548229,66104,6205
Osv1sFK80qw,2025-11-26 17:00:45+00:00,"V-Band x Sofi Marinova - Maslinovi ochi (Official video, 2025)",V-BAND,Music,"V-band, mashup, –≤-–±–∞–Ω–¥, –º–∞—à—ä–ø, —á–∞–ª–≥–∞, –ø–æ —Ñ–æ–ª–∫, chalga, pop folk",216,hd,False,False,203771,3599,298
rdFbfih_dkg,2025-11-30 15:45:47+00:00,–†–ê–ó–ë–ò–í–ê–ú –ù–ê–ô-–ê–ë–°–£–†–î–ù–ò–¢–ï –¢–ò–ö–¢–û–ö –ì–õ–ò–ß–û–í–ï –í 99 –ù–û–©–ò –í –ì–û–†–ê–¢–ê | Roblox 99 Nights in The Forest,VasieBee,Gaming,,1254,hd,False,True,28087,1721,62
63tdWuk-zEM,2025-12-02 16:01:34+00:00,Tea Tairovic - Severna latina (Official Video | Album ASKA II) 2025,Tea Tairovic,Music,"bliznakinja, hajde, igracica, intervju, novo, otkad tebe znam, polako, song, svetica, tairovic, tea, tea tairovic, video",136,hd,False,True,1497800,11737,445
FLkL2g4FLso,2025-12-07 09:40:29+00:00,üî¥LIVE | FREE SECRETS in Roblox Steal a Brainrot üî¥,Swazr Rblx,Gaming,,13,hd,False,True,492858,9671,5
h7pe4AecDzY,2025-11-20 08:00:06+00:00,Mihaela Marinova x TINO - –ê–∫–æ –º–æ–∂–µ—Ö (Official Video),Mihaela Marinova,Music,"mihaela marinova, mihaela, marinova, tino, mihaela marinova tino, —Ç–∏–Ω–æ, mihaela tino, marinova tino, –º–∏—Ö–∞–µ–ª–∞ –º–∞—Ä–∏–Ω–æ–≤–∞ –∏ —Ç–∏–Ω–æ, –º–∏—Ö–∞–µ–ª–∞ –∏ —Ç–∏–Ω–æ, mihaela marinova i tino, mihaela marinova & tino, –∞–∫–æ –º–æ–∂–µ—Ö, —Ç–∏–Ω–æ –∞–∫–æ –º–æ–∂–µ—Ö, –º–∏—Ö–∞–µ–ª–∞ –∏ —Ç–∏–Ω–æ –∞–∫–æ –º–æ–∂–µ—Ö, –º–∏—Ö–∞–µ–ª–∞ —Ç–∏–Ω–æ –∞–∫–æ –º–æ–∂–µ—Ö, mihaela marinova –∞–∫–æ –º–æ–∂–µ—Ö, ako mojeh, mojeh, ako",191,hd,False,True,400393,8732,253
AN195Rfh0hI,2025-12-04 22:40:54+00:00,English Stream A | StarLadder Budapest Major 2025 - Stage 3 - Day 1,StarLadder CS2 LIVE,Gaming,"#CS2, #CounterStrike2, #CS #CounterStrike #Valve, #Esports, #Major2025, #Major, #CS2Major, #BudapestMajor2025, #BudapestMajor, #StarLadderMajor, #StarLadder, #StarLadderCS2LIVE, #StarLadderLIVE, #CS2Live, #LIVE #CS2Esports, #VIT, #TeamVitality, #TS, #TeamSpirit, #FLC, #TeamFalcons, #MOUZ, #G2, #G2Esports, #FUR, #FURIA, #paiN, #paiNGaming, #MGLZ, #TheMongolZ, #NAVI, #NatusVincere, #FaZe, #FaZeClan, #B8, #B8Esports, #IMP, #Imperial, #PUA, #PassionUA",38677,hd,False,False,1588637,13050,32
YbPpk4wFqy8,2025-11-22 08:00:06+00:00,LINSHO x DENI - –ì–õ–ê–í–û–ë–û–õ–ò–ï [OFFICIAL 4K VIDEO],LINSHO,Music,"LINSHO, DENI, –ª–∏–Ω—à–æ, –¥–µ–Ω–∏, –≥–ª–∞–≤–æ–±–æ–ª–∏–µ, glavobolie, –ø–µ—Å–µ–Ω, –¥–µ–Ω–∏ –∏ –ª–∏–Ω–∞ –ø–µ—Å–µ–Ω, –¥–µ–Ω–∏ –∏ –ª–∏–Ω–∞, –ø–µ—Å–µ–Ω—Ç–∞ –Ω–∞ –ª–∏–Ω–∞, –ø–µ—Å–µ–Ω—Ç–∞ –Ω–∞ –¥–µ–Ω–∏, linsho, –õ–ò–ù–®–û, –ñ–ò–í–ê, –∑–∞ –º–∞–ª–∫–æ, –∂–∏–≤–∞, –ó–ê –ú–ê–õ–ö–û, jiva, za malko, zhiva, ZA MALKO, linsho pesen, –¥–µ–±—é—Ç, –õ–ò–ù–®–û –ü–ï–°–ï–ù, –ø–µ—Å–µ–Ω—Ç–∞ –Ω–∞ –ª–∏–Ω—à–æ, pesen linsho, linshu, lina, lina pesen, –ª–∏–Ω–∞ –ø–µ—Å–µ–Ω, andy studio, —Ç—Ä–µ–π–ª—ä—Ä, –ª–∏–Ω—à–æ –º—É–∑–∏–∫–∞, –º—É–∑–∏–∫–∞, –ø–æ–ø, —Ä–æ–∫, –ø–æ–ø —Ä–æ–∫, –ª–∏–Ω—à–æ –¥–µ–±—é—Ç, –ª–∏–Ω—à–æ —Ç–∏–∫—Ç–æ–∫, linsho tiktok, pop, rock, pop rock, —Ç–∞–∫–∞ —Å–º–µ —Å–∏ –¥–æ–±—Ä–µ, –õ–∏–Ω—à–æ —Ç–∞–∫–∞ —Å–º–µ —Å–∏ –¥–æ–±—Ä–µ, –ª–∏–Ω—à–æ –Ω–æ–≤–∞ –ø–µ—Å–µ–Ω",219,hd,False,True,271355,8352,1439
sRGe86bUsOs,2025-12-06 20:59:57+00:00,Christmas Brainrots Update + SANTA FUSE Machine!,CaylusBlox,Gaming,"caylusblox, caylus roblox, caylus, roblox, Steal a brainrot update, ADMIN ABUSE In Steal a Brainrot!, Steal a Brainrot UPDATE + Admin Abuse, admin abuse, steal a brainrot, witchs fuse, caylus steal a brainrot, dump update, caylus aura, caylus admin abuse, steal a brainrot update, w brainrot, Taco Tuesday ADMIN ABUSE + New BRAINROT!, tung tung tung sahur, tung tung sahur steal a brainrot, santa fuse machine, caylus fuse machine, caylus steak, caylus steal a brainrot christmas",12210,hd,False,True,3312561,93905,975
zp6Xx4kDlvU,2025-11-13 15:58:26+00:00,Medi - Prazno sartse  | –ú–µ–¥–∏ - –ü—Ä–∞–∑–Ω–æ —Å—ä—Ä—Ü–µ,Medi,Music,"Medi, medi, –ú–µ–¥–∏, –º–µ–¥–∏, medi prazno sartse, prazno sartse, –º–µ–¥–∏ –ø—Ä–∞–∑–Ω–æ —Å—ä—Ä—Ü–µ, –ø—Ä–∞–∑–Ω–æ —Å—ä—Ä—Ü–µ, –ú–µ–¥–∏ –ø—Ä–∞–∑–Ω–æ —Å—ä—Ä—Ü–µ, Medi prazno sartse, medi prazno surce, prazno surce, medi new video",191,hd,False,True,831272,16315,580
qq68EgZpCO8,2025-12-06 14:01:40+00:00,–ö–£–ü–ò–• $1 vs $50 vs $100 BRAINROT-–ò –í STEAL A BRAINROT,Zapow Clips,Gaming,"roblox, –Ω–æ—â–∏, andyplayzgames, –∫—Ä–∏—Å—Ç–æ—Ñ—ä—Ä —É–∞–π—Ç, 99 –Ω–æ—â–∏ –≤ –≥–æ—Ä–∞—Ç–∞, 99 nights in the forest",688,hd,False,True,6210,153,18
4tvHgMNeYuk,2025-11-21 10:00:14+00:00,–ë–∞–º –ë–∞–º –ë–∞–º,Mirela - Topic,Music,"Mirela, –ë–∞–º –ë–∞–º –ë–∞–º",190,hd,False,True,106758,920,0
9uEt31cBlvo,2025-12-06 08:00:15+00:00,"KEREM KOMƒ∞SER Y√úKSEKTEN D√ú≈ûT√ú, SAKATLANDI! üò± - Minecraft",Minecraft Parodileri,Gaming,"minecraft parodileri, minecraft, minecraft videolarƒ±, zengin vs fakir, zengin fakir, fakir zengin, kerem komiser, minecraft kerem komiser, maykƒ±raft, minecraft parodileri kerem komiser, minecraft parodileri izle, minecraft parodileri vs, minecraft parodileri video, kerem y√ºksekten d√º≈ü√ºp sakatlandƒ±",690,hd,True,True,747716,19230,1505
iulLJckKYSk,2025-12-05 11:01:26+00:00,–†–∞–¥–∫–æ –ó–∏–Ω–æ–≤—Å–∫–∏ - –ù–∞–∑–¥—Ä–∞–≤–µ (Official Music Video 2025),ZinoAIMusic,Music,"–ß–∞–ª–≥–∞, –ü–æ–ø —Ñ–æ–ª–∫, –±—ä–ª–≥–∞—Ä—Å–∫–∞ –º—É–∑–∏–∫–∞, –Ω–æ–≤–∏ —Ö–∏—Ç–æ–≤–µ, —á–∞–ª–≥–∞ 2025, –±–∞–ª–∫–∞–Ω—Å–∫–∞ –º—É–∑–∏–∫–∞, –∏–∑–∫—É—Å—Ç–≤–µ–Ω –∏–Ω—Ç–µ–ª–µ–∫—Ç –º—É–∑–∏–∫–∞, –ø–µ—Å–Ω–∏ –æ—Ç –ò–ò, ZinoAI, –∫—é—á–µ–∫ –ø–µ—Å–Ω–∏, –º—É–∑–∏–∫–∞–ª–Ω–∏ –∫–ª–∏–ø–æ–≤–µ, –æ—Ñ–∏—Ü–∏–∞–ª–Ω–æ –≤–∏–¥–µ–æ, –ø–µ—Å–µ–Ω –Ω–∞ –∂–∏–≤–æ, BG pop-folk, —Ç—Ä–µ–Ω–¥–æ–≤–∞ –º—É–∑–∏–∫–∞, –º—É–∑–∏–∫–∞ –∑–∞ TikTok, viral, trending now, official video, new 2025, must watch, –Ω–æ–≤–æ –≤–∏–¥–µ–æ, —Å–ª—É—à–∞–π —Å–µ–≥–∞, –Ω–∞–π-–¥–æ–±—Ä–æ—Ç–æ –æ—Ç..., AI —á–∞–ª–≥–∞ –ø–µ—Å–Ω–∏, –∫—é—á–µ–∫ –∏–∑–∫—É—Å—Ç–≤–µ–Ω –∏–Ω—Ç–µ–ª–µ–∫—Ç, –Ω–æ–≤–∞ –ø–µ—Å–µ–Ω –º–∞–π 2025, Balkan party music, —Ö–∏—Ç–æ–≤–µ –æ—Ç TikTok, —Ä–∞–¥–∫–æ–∑–∏–Ω–æ–≤—Å–∫–∏, ZinoAIMusic",252,hd,True,True,21480,560,7
